代码,名称,当前,近1月,近3月,近6月,近1年,近3年,成立来
004855,广发中证全指汽车指数C,--,-2.72%,-13.35%,-25.79%,-38.64%,--,-31.33%
004856,广发中证全指建筑材料指数A,--,-2.25%,-7.86%,-22.23%,-23.01%,--,-22.52%
004857,广发中证全指建筑材料指数C,--,-2.25%,-7.80%,-22.18%,-22.83%,--,-22.20%
004858,长信量化多策略股票C,0.9611,-1.53%,-11.94%,-19.97%,-26.93%,--,-19.83%
004859,泰康年年红纯债一年债券,1.0385,0.72%,2.20%,4.29%,7.52%,--,7.54%
004860,华泰紫金零钱宝货币,0.5791,0.23%,0.69%,1.57%,3.51%,--,4.03%
004861,泰康现金管家货币A,0.6512,0.21%,0.76%,1.66%,3.84%,--,4.19%
004862,泰康现金管家货币B,0.7173,0.23%,0.82%,1.78%,4.09%,--,4.46%
004863,泰康现金管家货币C,0.7177,0.23%,0.82%,1.78%,4.09%,--,4.46%
004864,泰康现金管家货币D,,--,--,--,--,--,--
004865,格林货币A,0.2343,0.20%,0.63%,1.56%,3.61%,--,4.47%
004866,格林货币B,0.2964,0.22%,0.69%,1.69%,3.86%,--,4.78%
004868,交银股息优化混合,0.9362,0.77%,-12.97%,-11.03%,-9.95%,--,-6.25%
004869,中融日日盈交易型货币B,0.6749,0.26%,0.85%,1.84%,3.77%,--,4.53%
004870,融通创业板指数C,0.6150,-8.08%,-20.67%,-28.27%,-31.63%,--,-31.24%
004871,中银金融地产混合,0.8832,0.28%,-0.64%,-10.78%,-11.93%,--,-11.91%
004874,融通巨潮100指数C,0.9009,1.01%,-5.06%,-12.95%,-12.75%,--,-5.98%
004875,融通深证成份指数C,0.6377,-6.73%,-17.89%,-27.75%,-31.25%,--,-26.24%
004876,融通深证100指数C,0.8959,-4.88%,-17.80%,-27.10%,-28.61%,--,-22.97%
004877,汇添富全球医疗混合人民币,1.0629,-8.01%,-13.19%,-3.72%,3.59%,--,3.09%
004878,汇添富全球医疗混合美元现汇,1.0277,-8.83%,-16.80%,-12.32%,-0.48%,--,-0.35%
004879,汇添富全球医疗混合美元现钞,1.0277,-8.83%,-16.80%,-12.32%,-0.48%,--,-0.35%
004881,中银量化价值混合,0.7685,-2.35%,-9.06%,-15.92%,--,--,-23.29%
004882,中银丰荣定期开放债券,1.0243,0.67%,1.53%,3.22%,--,--,4.55%
004883,中银证券瑞丰定开混合A,0.8661,-7.01%,-10.42%,-17.42%,-14.21%,--,-14.10%
004884,中银证券瑞丰定开混合C,0.8614,-7.06%,-10.54%,-17.63%,-14.66%,--,-14.57%
004885,长信先优债券,1.0270,-0.13%,-0.03%,1.23%,2.08%,--,2.64%
004887,长信稳通三个月定开债发起式,1.0224,0.39%,1.18%,2.54%,--,--,4.58%
004888,财通资管鑫逸混合A,0.9415,-0.33%,-4.04%,-8.44%,-6.11%,--,-5.77%
004889,财通资管鑫逸混合C,0.9387,-0.34%,-4.09%,-8.54%,-6.36%,--,-6.04%
004890,中邮文娱灵活配置混合,0.7744,-12.36%,-21.68%,-26.03%,--,--,-22.70%
004893,华润元大润泽债券A,1.0117,0.69%,0.84%,--,--,--,1.15%
004894,华润元大润泽债券C,1.0111,0.69%,0.79%,--,--,--,1.10%
004895,华商鑫安灵活混合,0.8117,-3.33%,-11.74%,-18.64%,-18.64%,--,-18.80%
004896,鹏华兴鑫宝货币,0.7870,0.25%,0.87%,1.86%,4.11%,--,5.22%
004897,长安鑫恒回报混合A,1.0205,-1.06%,-9.17%,-13.29%,-5.31%,--,2.57%
004898,长安鑫恒回报混合C,1.0180,-1.08%,-9.18%,-13.35%,-5.51%,--,2.31%
004899,中银信享定期开放债券,1.0311,0.56%,1.54%,3.18%,6.20%,--,6.20%
004900,财通资管鑫锐混合A,0.9374,-0.10%,-3.88%,-8.76%,--,--,-6.16%
004901,财通资管鑫锐混合C,0.9339,-0.12%,-3.94%,-8.91%,--,--,-6.51%
004902,富国丰利增强债券,0.9852,-0.99%,-1.97%,-2.58%,-2.07%,--,-1.52%
004903,人保货币A,0.6478,0.22%,0.73%,1.65%,3.75%,--,4.25%
004904,人保货币B,0.7141,0.24%,0.79%,1.77%,4.00%,--,4.53%
004905,华泰柏瑞生物医药混合,0.9843,-4.47%,-20.17%,-15.59%,-3.10%,--,-1.38%
004906,农银汇理金鸿一年定开债,,,,,,,
004907,长安鑫垚主题混合A,1.0222,-1.61%,-9.89%,-13.79%,-4.56%,--,2.86%
004908,长安鑫垚主题混合C,1.0119,-1.61%,-10.53%,-14.28%,-5.48%,--,1.83%
004910,中加颐享纯债债券,1.0151,0.42%,1.93%,2.85%,5.43%,--,6.37%
004911,中加纯债定开债券A,1.0132,0.30%,1.67%,2.93%,6.00%,--,6.22%
004912,中加纯债定开债券C,1.0001,0.00%,0.00%,0.00%,0.00%,--,0.00%
004913,中银证券聚瑞混合A,0.9864,0.57%,0.56%,-2.04%,--,--,-1.44%
004914,中银证券聚瑞混合C,0.9847,0.56%,0.53%,-2.10%,--,--,-1.61%
004916,嘉实新添丰定期混合,1.0546,0.08%,-0.40%,-0.23%,4.34%,--,5.36%
004917,中银证券祥瑞混合A,0.8752,-1.33%,-2.90%,-12.57%,--,--,-12.23%
004918,中银证券祥瑞混合C,0.8738,-1.33%,-2.92%,-12.61%,--,--,-12.37%
004919,兴全兴泰定期开放债券,1.0220,0.63%,1.84%,3.38%,6.05%,--,6.53%
004920,富国泓利纯债,1.0269,0.77%,2.40%,3.28%,5.65%,--,6.27%
004921,华夏鼎瑞三个月定开债A,1.0484,0.63%,2.05%,3.31%,--,--,5.35%
004922,华夏鼎瑞三个月定开债C,--,--,--,--,--,--,0.00%
004923,华夏鼎祥三个月定开债A,1.0403,0.69%,1.96%,2.93%,--,--,4.77%
004924,华夏鼎祥三个月定开债C,--,--,--,--,--,--,0.00%
004925,长信低碳环保行业量化股票,0.7351,-4.23%,-14.42%,-23.87%,--,--,-26.37%
004926,中航军民融合精选A,0.8967,-1.44%,-5.80%,-12.55%,--,--,-10.43%
004927,中航军民融合精选C,0.8920,-1.44%,-5.85%,-12.73%,--,--,-10.89%
004932,招商丰拓灵活混合A,0.9659,-3.09%,-5.89%,-8.15%,-3.22%,--,-2.98%
004933,招商丰拓灵活混合C,0.9594,-3.13%,-6.03%,-8.43%,-3.82%,--,-3.63%
004934,圆信永丰消费升级,0.8353,-0.38%,-12.70%,-16.87%,--,--,-16.79%
004935,国都智能制造,0.6592,-5.70%,-17.10%,-24.61%,-33.96%,--,-33.96%
004936,中航混改精选混合A,0.8919,-1.47%,-4.28%,-12.51%,--,--,-10.97%
004937,中航混改精选混合C,0.8856,-1.48%,-4.33%,-12.66%,--,--,-11.61%
004938,中欧滚钱宝货币B,0.8859,0.27%,0.90%,1.96%,4.24%,--,5.37%
004939,中欧滚钱宝货币C,0.8205,0.25%,0.84%,1.84%,3.99%,--,5.06%
004940,中加聚鑫纯债一年定开A,1.0523,0.40%,2.06%,2.80%,5.12%,--,5.19%
004941,中加聚鑫纯债一年定开C,1.0491,0.37%,1.97%,2.65%,4.81%,--,4.87%
004942,格林伯元灵活配置A,0.9392,0.37%,-1.84%,-4.03%,--,--,-6.16%
004943,格林伯元灵活配置C,0.9382,0.36%,-1.88%,-4.11%,--,--,-6.26%
004944,鑫元鑫趋势灵活配置混合A,0.9405,-1.26%,-7.58%,-11.74%,-6.30%,--,-5.45%
004945,长信中证500指数增强,0.7597,-5.54%,-14.43%,-20.98%,-23.70%,--,-23.11%
004946,汇添富盈润混合A,1.0434,1.48%,-0.82%,-1.97%,2.84%,--,4.12%
004947,汇添富盈润混合C,1.0340,1.46%,-0.92%,-2.17%,1.95%,--,3.18%
004948,鑫元鑫趋势灵活配置混合C,0.9338,-1.29%,-7.66%,-11.93%,-6.87%,--,-6.13%
004950,金元顺安量化多策略混合A,,,,,,,
004951,申万菱信价值优利混合,0.8654,-0.76%,-8.06%,-13.04%,-13.63%,--,-13.34%
004952,兴全恒益债券A,1.0061,-2.17%,-1.92%,-2.65%,-0.19%,--,-0.09%
004953,兴全恒益债券C,1.0016,-2.20%,-2.03%,-2.85%,-0.64%,--,-0.54%
004956,中银证券安誉债券A,1.0058,0.44%,1.09%,2.04%,--,--,2.10%
004957,中银证券安誉债券C,1.8581,0.39%,1.02%,87.25%,--,--,87.35%
004958,圆信永丰优享生活,0.8601,-2.72%,-10.70%,-18.16%,-14.79%,--,-14.53%
004959,圆信永丰优悦生活混合,0.8643,-1.87%,-8.98%,-14.46%,--,--,-14.07%
004965,泓德致远混合A,0.9988,-2.88%,-8.42%,-5.95%,-0.22%,--,0.25%
004966,泓德致远混合C,0.9898,-2.93%,-8.60%,-6.32%,-1.04%,--,-0.64%
004967,红土创新货币A,0.5904,0.22%,0.75%,1.70%,3.86%,--,4.55%
004968,红土创新货币B,0.6564,0.24%,0.81%,1.82%,4.11%,--,4.85%
004970,南方天天宝货币A,1.1102,0.23%,0.91%,1.85%,3.79%,--,4.38%
004971,南方天天宝货币B,1.1764,0.25%,0.97%,1.97%,4.04%,--,4.67%
004972,长城收益宝货币A,0.9473,0.28%,0.99%,2.08%,4.38%,--,4.72%
004973,长城收益宝货币B,1.0121,0.30%,1.05%,2.20%,4.63%,--,4.99%
004975,交银恒益灵活配置混合,0.9728,-0.72%,-6.12%,-6.28%,-3.23%,--,-2.76%
004978,富国聚利纯债定期开放,1.0587,1.41%,2.19%,3.74%,6.21%,--,6.73%
004979,华夏鼎诺三个月定开债A,1.0331,0.57%,1.44%,1.60%,--,--,3.69%
004980,华夏鼎诺三个月定开债C,--,--,--,--,--,--,0.00%
004982,新华安享多裕定开混合,--,--,--,--,--,--,-0.42%
004983,鹏扬现金通利货币A,0.7301,0.24%,0.78%,1.77%,3.95%,--,4.03%
004984,鹏扬现金通利货币B,0.7836,0.25%,0.83%,1.87%,4.16%,--,4.25%
004985,博时合晶货币,0.6355,0.19%,0.72%,1.66%,3.52%,--,4.04%
004986,鹏华策略回报混合,0.8043,-0.25%,-18.92%,-19.19%,-3.11%,--,-2.37%
004987,诺德新享灵活配置混合,1.1095,-1.06%,-3.48%,-0.85%,7.44%,--,10.89%
004988,人保双利A,0.9899,-1.38%,-2.09%,-2.92%,--,--,-1.07%
004989,人保双利C,0.9860,-1.41%,-2.20%,-3.16%,--,--,-1.47%
004993,中欧可转债债券A,0.9397,-0.89%,-1.51%,-5.85%,--,--,-6.12%
004994,中欧可转债债券C,0.9361,-0.91%,-1.60%,-6.03%,--,--,-6.47%
004995,广发品牌消费股票发起式,0.7742,-0.96%,-18.96%,-18.51%,--,--,-22.70%
004996,广发恒生中型股指数C,--,-0.35%,-8.55%,-13.22%,-17.40%,--,-17.43%
004997,广发高端制造股票,0.6893,-7.82%,-18.24%,-30.11%,-30.97%,--,-30.49%
004998,长信全球债券人民币,--,0.52%,3.58%,5.75%,--,--,1.75%
004999,长信全球债券美元,--,-0.34%,-0.67%,-3.66%,--,--,-2.64%
005000,泰康泉林量化价值精选混合A,0.7380,-4.56%,-14.16%,-24.06%,-26.18%,--,-26.18%
005001,交银持续成长主题混合,0.9750,-5.90%,-12.40%,-7.51%,--,--,-2.28%
005002,交银天运宝货币A,0.5739,0.21%,0.75%,1.72%,--,--,2.66%
005003,交银天运宝货币E,0.6397,0.23%,0.82%,1.84%,--,--,2.85%
005004,交银品质升级混合,0.8260,-0.47%,-15.45%,-15.62%,--,--,-17.35%
005005,中金金泽A,0.8429,0.39%,-5.40%,-14.46%,-17.67%,--,-15.70%
005006,中金金泽C,0.8387,0.36%,-5.50%,-14.61%,-18.05%,--,-16.12%
005007,景顺长城景瑞睿利回报混合,0.9879,0.33%,-0.45%,0.34%,-1.24%,--,-1.09%
005008,东方红汇阳债券Z,1.0479,0.30%,-0.13%,-0.17%,2.79%,--,4.21%
005009,申万菱信行业轮动股票,0.6895,-1.41%,-20.70%,-26.52%,-31.52%,--,-31.50%
005010,金鹰添瑞中短债A,1.0225,0.32%,1.25%,2.61%,5.77%,--,5.91%
005011,金鹰添瑞中短债C,1.0191,0.29%,1.16%,2.41%,5.33%,--,5.46%
005012,南华丰和混合A,,,,,,,
005013,南华丰和混合C,,,,,,,
005014,泰康景泰回报混合A,0.9829,1.04%,-2.72%,-1.93%,--,--,-2.08%
005015,泰康景泰回报混合C,0.9813,1.02%,-2.77%,-2.08%,--,--,-2.23%
005016,长江优享货币A,2.2516,0.26%,0.77%,1.74%,3.82%,--,4.49%
005017,长江优享货币B,2.3183,0.28%,0.83%,1.86%,4.08%,--,4.78%
005018,国金民丰回报6个月定开混合,0.9967,-1.33%,-1.41%,-2.40%,--,--,-2.10%
005019,国投瑞银和泰6个月债券,1.0238,0.86%,2.15%,4.17%,--,--,6.40%
005020,信诚智惠金货币,0.5353,0.17%,0.57%,1.39%,3.55%,--,4.22%
005021,渤海汇金量化汇盈混合,1.0079,0.02%,--,--,--,--,0.72%
005024,南方兴利定开债券,1.0179,0.67%,1.97%,3.33%,5.70%,--,5.90%
005025,交银丰盈收益债券C,1.1031,0.18%,0.27%,5.65%,7.19%,--,7.61%
005027,光大多策略优选定开混合,--,-2.77%,-3.46%,-9.63%,--,--,-10.88%
005028,鹏华研究精选灵活配置混合,0.7873,-6.23%,-18.67%,-21.20%,-21.16%,--,-21.16%
005033,银华智能汽车量化股票发起式A,0.6446,-3.67%,-14.27%,-23.46%,-35.92%,--,-35.94%
005034,银华智能汽车量化股票发起式C,0.6436,-3.69%,-14.30%,-23.49%,-36.00%,--,-36.03%
005035,银华信息科技量化股票发起式A,0.6238,-12.90%,-19.64%,-30.08%,-38.33%,--,-38.16%
005036,银华信息科技量化股票发起式C,0.6258,-12.91%,-19.58%,-30.05%,-38.11%,--,-37.95%
005037,银华新能源新材料A,0.6148,-4.66%,-16.57%,-29.02%,-38.39%,--,-38.38%
005038,银华新能源新材料C,0.6118,-4.69%,-16.66%,-29.18%,-38.68%,--,-38.68%
005039,鹏扬景兴混合A,1.0059,1.25%,-2.43%,-4.57%,0.63%,--,0.65%
005040,鹏扬景兴混合C,1.0007,1.21%,-2.54%,-4.77%,0.10%,--,0.12%
005041,人保研究精选混合A,0.8718,-4.83%,-11.10%,-13.42%,--,--,-12.83%
005042,人保研究精选混合C,0.8681,-4.87%,-11.21%,-13.68%,--,--,-13.21%
005043,国寿安保健康科学混合A,0.8812,-1.06%,-11.47%,-14.15%,--,--,-11.33%
005044,国寿安保健康科学混合C,0.8769,-1.09%,-11.54%,-14.35%,--,--,-11.75%
005047,南华瑞颐混合A,0.8703,-3.15%,-8.04%,-14.43%,--,--,-13.00%
005048,南华瑞颐混合C,0.8510,-3.18%,-8.13%,-14.68%,--,--,-14.93%
005049,长安鑫旺价值混合A,0.9691,-0.65%,-10.75%,-14.37%,-7.16%,--,-3.52%
005050,长安鑫旺价值混合C,0.9693,-0.67%,-10.77%,-14.38%,-7.13%,--,-3.50%
005051,上投标普港股通低波红利指数A,--,0.11%,-1.62%,-2.01%,--,--,-3.96%
005052,上投标普港股通低波红利指数C,--,0.08%,-1.74%,-2.25%,--,--,-4.30%
005053,银河量化价值混合,0.8245,-1.03%,-6.39%,-12.74%,--,--,-17.59%
005054,泰康瑞坤纯债债券,1.0753,0.55%,1.78%,5.37%,--,--,7.55%
005055,华泰柏瑞量化阿尔法,0.8417,-3.77%,-11.08%,-16.53%,-15.84%,--,-15.81%
005056,东方红货币A,0.6732,0.21%,0.68%,1.64%,3.66%,--,3.72%
005057,东方红货币B,0.7388,0.23%,0.75%,1.76%,3.91%,--,3.96%
005058,东方红货币E,0.7144,0.22%,0.72%,1.71%,3.81%,--,3.88%
005059,南方安福混合,0.9966,0.09%,-1.02%,-1.24%,--,--,-0.21%
005060,金元顺安量化多策略混合C,,,,,,,
005061,农银永益定开混合,--,0.14%,-0.87%,-1.08%,--,--,-1.05%
005062,博时中证500指数增强A,0.7490,-7.01%,-14.39%,-22.17%,-24.63%,--,-24.49%
005063,广发中证全指家用电器指数A,0.7659,-3.79%,-20.09%,-25.78%,-25.16%,--,-23.35%
005064,广发中证全指家用电器指数C,--,-3.80%,-20.09%,-25.82%,-25.29%,--,-23.51%
005065,中金现金管家C,,--,--,--,--,--,--
005067,融通逆向策略灵活配置混合,0.8059,-0.46%,-9.69%,-18.11%,--,--,-16.11%
005068,长信富海纯债一年定开债A,1.0324,0.20%,1.26%,2.28%,3.68%,--,3.80%
005069,长信富民纯债一年定开债A,0.9893,-1.07%,-1.22%,-1.15%,0.41%,--,-0.52%
005070,长江乐丰纯债,1.0241,0.75%,2.17%,2.86%,4.70%,--,5.29%
005072,中银丰进定期开放债券,1.0693,0.88%,0.84%,4.63%,--,--,7.35%
005073,永赢永益债券A,1.0175,0.39%,1.38%,2.68%,5.48%,--,5.84%
005074,永赢永益债券C,1.0211,0.38%,1.74%,2.98%,5.68%,--,6.12%
005075,富国研究量化精选混合,0.7683,-2.33%,-12.10%,-19.48%,--,--,-22.92%
005076,创金合信优选回报灵活配置混合,0.9032,-1.42%,-2.31%,-7.50%,-9.48%,--,-9.47%
005077,平安大华合韵定开债,1.0157,0.53%,0.91%,--,--,--,1.61%
005078,富国宝利增强债券,1.0041,0.35%,-0.18%,-0.43%,--,--,0.48%
005080,海富通量化多因子混合C,0.8640,-0.66%,-10.55%,--,--,--,-13.68%
005081,海富通量化多因子混合A,0.8612,-0.58%,-11.19%,--,--,--,-13.92%
005082,诺德量化蓝筹增强混合A,0.9161,-1.54%,-6.41%,-9.12%,--,--,-8.69%
005083,诺德量化蓝筹增强混合C,0.9133,-1.55%,-6.42%,-9.22%,--,--,-8.97%
005084,平安大华量化先锋A,0.8482,0.18%,-8.75%,-12.94%,--,--,-15.00%
005085,平安大华量化先锋C,0.8409,0.11%,-8.94%,-13.29%,--,--,-15.73%
005086,南华现金宝货币A,,--,--,--,--,--,--
005087,南华现金宝货币B,,--,--,--,--,--,--
005088,嘉实新添辉定期混合A,1.0452,0.19%,0.05%,1.16%,4.06%,--,4.41%
005089,嘉实新添辉定期混合C,1.0387,0.14%,-0.11%,0.86%,3.43%,--,3.76%
005090,嘉合睿金混合发起式A,0.9858,-0.99%,-3.31%,-2.83%,--,--,-2.65%
005091,嘉合睿金混合发起式C,0.9860,-1.00%,-3.33%,-2.87%,--,--,-2.70%
005092,广发货币C,0.7358,0.23%,0.80%,1.78%,3.87%,--,4.52%
005093,中银中债7-10年期国开债指数,1.0408,0.69%,0.90%,3.98%,--,--,4.08%
005094,万家臻选混合,0.8039,-8.20%,-21.85%,-22.47%,--,--,-20.00%
005095,国泰量化成长优选混合A,0.7658,-7.50%,-20.71%,--,--,--,-23.70%
005096,国泰量化成长优选混合C,0.7613,-7.59%,-21.03%,--,--,--,-24.15%
005097,易方达现金增利货币C,0.9445,0.29%,0.97%,2.11%,--,--,2.52%
005098,易方达龙宝货币C,0.8702,0.28%,0.90%,1.96%,4.17%,--,4.69%
005099,易方达掌柜季季盈理财债券B,0.8688,0.27%,0.95%,2.09%,4.50%,--,4.85%
005100,易方达掌柜季季盈理财债券C,0.8578,0.26%,0.94%,2.07%,4.46%,--,4.91%
005101,易方达月月利理财债券C,0.8295,0.25%,0.93%,2.03%,4.35%,--,4.88%
005104,富荣福康混合A,0.7652,-5.34%,-13.29%,-22.82%,--,--,-22.84%
005105,富荣福康混合C,0.7650,-5.34%,-13.30%,-22.84%,--,--,-22.86%
005106,银华农业产业股票发起式,0.8240,0.41%,-9.04%,-12.51%,-17.57%,--,-17.58%
005107,广发添利货币ETFB,0.6516,0.21%,0.72%,1.59%,3.21%,--,3.78%
005108,圆信永丰双利优选,0.9381,0.70%,-4.61%,-5.52%,--,--,-6.85%
005109,汇安多策略混合A,0.8393,-1.48%,-10.18%,-15.96%,--,--,-16.05%
005110,汇安多策略混合C,0.8355,-1.51%,-10.28%,-16.17%,--,--,-16.44%
005111,泰康泉林量化价值精选混合C,0.7363,-4.61%,-14.28%,-24.14%,-26.34%,--,-26.34%
005112,银华中证全指医药卫生,0.9714,-5.40%,-21.22%,-14.82%,-1.82%,--,-1.82%
005113,平安大华沪深300指数量化A,0.7721,-0.03%,-8.06%,-16.10%,--,--,-22.38%
005114,平安大华沪深300指数量化C,0.7684,-0.06%,-8.18%,-16.37%,--,--,-22.75%
005115,国泰量化价值精选混合A,0.8926,-1.64%,-10.05%,--,--,--,-10.03%
005116,国泰量化价值精选混合C,0.8892,-1.72%,-10.23%,--,--,--,-10.38%
005117,金信价值精选灵活配置混合A,0.5738,0.15%,-10.73%,-28.24%,-38.88%,--,-41.01%
005118,金信价值精选灵活配置混合C,0.5744,0.25%,-10.60%,-28.17%,-38.81%,--,-40.95%
005119,银华智荟内在价值灵活配置,0.6577,-4.66%,-14.19%,-27.33%,-33.23%,--,-33.23%
005120,上投摩根量化多因子混合,0.7909,-1.46%,-14.78%,-19.12%,--,--,-20.85%
005121,富国兴利增强债券,0.9894,-0.60%,-2.18%,-2.71%,-1.16%,--,-1.05%
005122,易方达天天理财货币C,0.8146,0.25%,0.86%,1.86%,--,--,3.82%
005123,南方优享分红混合,0.8450,0.20%,-13.24%,-14.18%,--,--,-16.07%
005124,易方达恒益定开债券发起式,1.0335,0.49%,1.80%,2.93%,--,--,5.28%
005125,华宝标普中国A股红利机会指数C,--,-3.81%,-10.65%,-18.46%,-21.99%,--,-20.11%
005126,银河量化稳进混合,0.8499,-1.74%,-7.74%,-12.68%,--,--,-14.91%
005127,平安大华合正定开债,1.0399,0.83%,2.17%,3.96%,--,--,5.07%
005128,华夏永康添福混合,0.9546,-1.24%,-2.45%,-5.66%,--,--,-4.10%
005129,富国金利定开混合A,--,0.25%,1.27%,1.53%,--,--,2.24%
005130,富国金利定开混合C,--,0.21%,1.16%,1.33%,--,--,1.93%
005131,海富通盈鑫货币A,,--,--,--,--,--,--
005132,海富通盈鑫货币B,,--,--,--,--,--,--
005133,兴业量化精选混合,0.7217,-7.08%,-14.43%,-25.72%,--,--,-28.22%
005134,长信长金通货币A,0.9904,0.26%,0.90%,1.95%,4.20%,--,4.50%
005135,长信长金通货币B,1.0283,0.27%,0.94%,2.03%,3.21%,--,3.21%
005136,华安幸福生活混合,0.8008,-0.66%,-13.33%,-20.71%,--,--,-19.62%
005137,长信量化价值精选混合,0.8790,-1.19%,-8.07%,--,--,--,-11.99%
005138,前海开源润鑫混合A,1.0629,1.30%,7.12%,6.13%,--,--,6.19%
005139,前海开源润鑫混合C,1.0598,1.29%,7.12%,5.82%,--,--,5.88%
005140,华夏睿磐泰荣混合A,0.9985,0.11%,0.35%,-0.41%,--,--,-0.18%
005141,华夏睿磐泰荣混合C,0.9960,0.09%,0.27%,-0.56%,--,--,-0.43%
005142,中融沪港深大消费主题A,0.7528,-4.22%,-16.69%,-18.88%,--,--,-24.46%
005143,中融沪港深大消费主题C,0.7505,-4.23%,-16.74%,-18.98%,--,--,-24.68%
005144,东吴优益债券A,0.9650,-0.94%,-1.36%,-1.51%,--,--,-3.64%
005145,东吴优益债券C,0.9567,-0.97%,-1.46%,-1.73%,--,--,-4.48%
005146,兴银丰润灵活配置混合,0.9115,-0.87%,-3.10%,-8.35%,--,--,-8.87%
005148,新华活期添利货币E,0.9529,0.29%,0.97%,2.05%,4.36%,--,4.79%
005150,红土创新优淳货币A,0.6835,0.24%,0.83%,1.90%,4.18%,--,4.45%
005151,红土创新优淳货币B,0.7502,0.26%,0.89%,2.02%,4.43%,--,4.72%
005152,农银沪深300指数C,1.0860,-1.08%,-7.98%,-16.13%,--,--,-19.30%
005153,农银汇理日日鑫交易型货币C,0.8455,0.26%,0.88%,1.90%,--,--,3.87%
005156,嘉实领航资产配置混合A,--,0.43%,-0.51%,-2.06%,--,--,-4.00%
005157,嘉实领航资产配置混合C,--,0.37%,-0.72%,-2.47%,--,--,-4.88%
005158,长江乐盈定开债发起式,1.0212,0.42%,1.19%,2.49%,--,--,4.60%
005159,华泰保兴尊合债券A,1.0521,0.41%,1.52%,2.60%,--,--,5.19%
005160,华泰保兴尊合债券C,1.0502,0.39%,1.46%,2.49%,--,--,4.99%
005161,华商上游产业股票,0.7985,-0.55%,-10.18%,-14.65%,--,--,-19.88%
005162,中银如意宝货币B,0.6736,0.23%,0.82%,1.88%,4.14%,--,4.48%
005164,富荣福锦混合A,0.8710,-4.38%,-10.86%,-12.77%,--,--,-12.46%
005165,富荣福锦混合C,0.8632,-4.39%,-11.19%,-13.37%,--,--,-13.24%
005166,嘉实润和量化定期混合,0.9742,-0.92%,-1.42%,-3.14%,--,--,-2.57%
005167,嘉实润泽量化定期混合,0.9639,-0.83%,-1.10%,-3.25%,--,--,-3.59%
005168,信达澳银新征程定开混合A,1.0218,0.51%,0.82%,2.04%,--,--,2.12%
005169,华泰保兴策略精选A,1.0022,-0.22%,-0.42%,-1.42%,--,--,-0.14%
005170,华泰保兴策略精选C,0.9978,0.24%,-0.73%,-1.25%,--,--,-0.30%
005171,富国景利纯债债券,1.0323,0.66%,1.89%,3.43%,--,--,5.48%
005172,泰康安悦纯债3月定开债券,1.0243,0.54%,1.79%,3.82%,--,--,6.22%
005173,富荣富安债券A,1.0234,0.49%,1.74%,2.30%,--,--,2.39%
005174,富荣富安债券C,1.0210,0.46%,1.65%,2.06%,--,--,2.15%
005175,国寿安保消费新蓝海混合,0.7770,-3.11%,-17.63%,-21.58%,--,--,-22.03%
005176,富国精准医疗混合,1.1065,-3.58%,-19.61%,-8.34%,--,--,11.05%
005177,华夏睿磐泰利定开混合A,0.9780,-0.02%,-0.09%,-1.61%,--,--,-2.52%
005178,华夏睿磐泰利定开混合C,0.9758,-0.45%,-1.85%,-2.69%,--,--,-3.63%
005179,信达澳银新起点定期开放混合A,1.0169,-0.05%,0.58%,--,--,--,1.36%
005183,博时富时中国A股指数,--,-3.56%,-13.25%,-22.71%,-27.30%,--,-27.30%
005185,国泰招惠收益定期开放债券,1.0504,0.57%,2.52%,3.89%,--,--,5.21%
005186,长安鑫兴混合A,0.8831,0.64%,-8.39%,-12.26%,--,--,-12.01%
005187,长安鑫兴混合C,0.8813,0.63%,-8.42%,-12.35%,--,--,-12.19%
005188,海富通量化前锋股票C,0.8501,0.64%,-12.26%,-14.98%,--,--,-14.94%
005189,海富通量化前锋股票A,0.8368,-1.51%,-14.08%,-16.59%,--,--,-16.32%
005193,北信瑞丰鼎利债券C,0.9957,0.08%,0.19%,-1.37%,--,--,-0.70%
005194,南方天天利货币E,0.8960,0.28%,0.97%,2.06%,4.37%,--,4.73%
005195,博时合丰货币A,,--,--,--,--,--,--
005196,博时合丰货币B,,--,--,--,--,--,--
005197,工银沪港深精选混合A,0.8660,-0.47%,-8.83%,-10.27%,--,--,-12.92%
005198,工银沪港深精选混合C,0.8620,-0.51%,-8.89%,-10.43%,--,--,-13.31%
005199,上银聚加利货币,,--,--,--,--,--,--
005202,兴业稳天盈货币B,1.2076,0.27%,0.96%,2.05%,4.36%,--,4.74%
005206,南方优选成长混合C,2.1343,-0.37%,-10.12%,-13.56%,--,--,-13.28%
005207,南方高端装备灵活配置混合C,1.2328,-6.54%,-15.35%,-21.76%,--,--,-22.10%
005208,国寿安保安裕纯债半年定开债,1.0615,0.82%,2.03%,4.23%,--,--,7.16%
005209,东吴双三角A,0.6999,-8.44%,-16.41%,-24.04%,--,--,-29.55%
005210,东吴双三角C,0.6955,-8.48%,-16.52%,-24.32%,--,--,-30.00%
005211,银河智慧混合,0.7978,-4.24%,-15.45%,-14.36%,--,--,-19.61%
005212,汇安稳裕债券,1.0582,4.65%,4.69%,5.64%,--,--,5.75%
005213,华夏鼎旺三个月定开债A,1.0404,0.87%,1.89%,3.22%,--,--,4.10%
005214,华夏鼎旺三个月定开债C,--,--,--,--,--,--,0.00%
005215,南方全天候策略(FOF)A,--,0.17%,-1.38%,-2.63%,--,--,-1.94%
005216,南方全天候策略(FOF)C,--,0.11%,-1.54%,-2.93%,--,--,-2.52%
005217,建信福泽安泰混合(FOF),--,0.06%,-1.57%,-2.93%,--,--,-2.26%
005218,华夏聚惠(FOF)A,--,-0.39%,-1.13%,-2.16%,--,--,-1.59%
005219,华夏聚惠(FOF)C,--,-0.44%,-1.22%,-2.36%,--,--,-1.96%
005220,海富通聚优精选混合(FOF),--,0.58%,-6.39%,-11.18%,--,--,-14.80%
005221,泰达宏利全能混合(FOF)A,--,-0.02%,-0.39%,-1.03%,--,--,-1.78%
005222,泰达宏利全能混合(FOF)C,--,-0.04%,-0.47%,-1.19%,--,--,-2.16%
005223,广发中证基建工程指数A,0.7675,-1.34%,-0.74%,-19.61%,--,--,-23.25%
005224,广发中证基建工程指数C,0.7665,-1.35%,-0.73%,-19.65%,--,--,-23.35%
005225,广发量化多因子混合,0.8631,-1.89%,-12.51%,-13.90%,--,--,-13.94%
005226,山西改革精选灵活配置混合,0.8947,-4.31%,-6.09%,-9.27%,--,--,-9.93%
005228,添富港股通专注成长,0.7440,-2.25%,-16.98%,-20.86%,--,--,-25.12%
005229,嘉实富时中国A50ETF联接C,--,2.36%,-2.76%,-10.38%,--,--,-16.25%
005230,长盛货币B,0.8404,0.26%,0.82%,1.85%,4.13%,--,4.17%
005231,红塔红土盛通混合型发起式A,0.8261,-3.88%,-10.45%,-14.68%,--,--,-16.99%
005232,红塔红土盛通混合型发起式C,0.8237,-3.90%,-10.51%,-14.79%,--,--,-17.23%
005233,广发睿毅领先混合,0.9329,-4.56%,-9.96%,-11.94%,--,--,-6.27%
005234,广发汇吉3个月定开债,1.0375,0.73%,1.64%,2.89%,--,--,3.80%
005235,银华食品饮料量化股票发起式A,0.9017,3.67%,-14.36%,-7.52%,--,--,-9.92%
005236,银华食品饮料量化股票发起式C,0.9008,3.71%,-14.42%,-7.71%,--,--,-10.02%
005237,银华医疗健康量化优选A,0.8716,-6.22%,-21.56%,-21.38%,--,--,-13.50%
005238,银华医疗健康量化优选C,0.8691,-6.25%,-21.62%,-21.49%,--,--,-13.75%
005239,银华文体娱乐量化股票发起式A,0.6219,-8.96%,-20.08%,-34.34%,--,--,-37.99%
005240,银华文体娱乐量化股票发起式C,0.6228,-8.97%,-20.13%,-34.41%,--,--,-37.92%
005241,中欧时代智慧混合A,0.8179,-5.77%,-13.22%,-16.69%,--,--,-17.71%
005242,中欧时代智慧混合C,0.8129,-5.84%,-13.40%,-17.04%,--,--,-18.21%
005243,融通中国概念债券,--,0.92%,5.02%,8.17%,--,--,9.71%
005244,国泰聚优价值灵活配置混合A,0.8055,-2.65%,-8.77%,-15.30%,--,--,-19.31%
005245,国泰聚优价值灵活配置混合C,0.8017,-2.70%,-8.88%,-15.51%,--,--,-19.69%
005246,国泰可转债债券,0.9002,-2.98%,-4.87%,-9.05%,--,--,-9.93%
005247,国都量化精选混合,0.8041,-3.56%,-10.39%,-15.80%,--,--,-19.89%
005250,银华估值优势混合,0.7513,-0.89%,-18.82%,-23.02%,--,--,-25.27%
005251,银华多元动力灵活配置混合,0.8461,-2.89%,-9.18%,-14.63%,--,--,-15.85%
005252,中海添瑞定开混合,1.0218,0.49%,0.46%,1.43%,--,--,2.10%
005255,浦银安盛港股通量化混合,0.8999,-0.61%,-6.53%,-7.91%,--,--,-9.65%
005256,富国新优选灵活定开混合A,0.9944,0.08%,-0.07%,0.79%,--,--,-1.19%
005257,富国新优选灵活定开混合C,0.9912,0.05%,-0.16%,0.56%,--,--,-1.50%
005258,景顺长城量化平衡混合,0.8715,-1.12%,-8.10%,-11.92%,--,--,-12.84%
005259,建信龙头企业股票,0.8190,-0.14%,-11.89%,-15.32%,--,--,-17.30%
005260,银华稳健增利灵活配置混合A,0.7784,-2.43%,-8.47%,-16.08%,--,--,-22.65%
005261,银华稳健增利灵活配置混合C,0.7773,-2.46%,-8.42%,-16.11%,--,--,-22.75%
005262,鑫元欣享灵活配置混合A,0.8975,-0.75%,-5.33%,-9.02%,--,--,-9.78%
005263,鑫元欣享灵活配置混合C,0.8947,-0.78%,-5.43%,-9.20%,--,--,-10.07%
005264,国都多策略混合,0.9834,-0.97%,-4.03%,--,--,--,-1.77%
005265,博时厚泽回报混合A,0.7875,-9.88%,-22.20%,-26.55%,--,--,-21.80%
005266,博时厚泽回报混合C,0.7819,-9.93%,-22.36%,-26.84%,--,--,-22.36%
005267,嘉实价值精选股票,0.8981,2.06%,-6.93%,-9.95%,--,--,-9.90%
005268,鹏华优势企业,0.7555,-6.10%,-23.92%,-21.17%,--,--,-24.45%
005269,华泰柏瑞港股通量化混合,0.8874,-0.62%,-9.11%,-11.22%,--,--,-10.69%
005270,太平改革红利精选混合,0.7654,-3.87%,-13.06%,-18.90%,--,--,-23.28%
005271,安信恒利增强债券A,0.9999,--,--,--,--,--,-0.04%
005272,安信恒利增强债券C,0.9998,--,--,--,--,--,-0.06%
005273,华商可转债债券A,0.9164,1.63%,0.15%,-6.48%,--,--,-8.18%
005274,中银景福回报混合,1.0206,0.90%,1.74%,--,--,--,2.09%
005275,中欧创新成长灵活配置混合A,0.8394,-1.76%,-15.23%,-15.70%,--,--,-15.93%
005276,中欧创新成长灵活配置混合C,0.8355,-1.82%,-15.40%,-16.08%,--,--,-16.32%
005277,海富通融丰定开债券,1.0194,0.92%,2.20%,4.43%,--,--,5.36%
005278,中欧优势行业灵活配置混合,1.0633,-0.01%,6.09%,--,--,--,6.23%
005279,华泰紫金红利低波指数发起,--,-1.25%,-7.45%,-15.25%,--,--,-17.15%
005280,安信稳健阿尔法定开混合,0.9950,-0.16%,-1.11%,-1.17%,--,--,-0.60%
005281,中科沃土转型升级混合,0.8096,-0.59%,-11.56%,-17.22%,--,--,-19.04%
005282,中金价值轮动混合A,0.7227,-6.01%,-13.18%,-23.19%,--,--,-26.52%
005283,中金价值轮动混合C,0.7253,-6.03%,-13.05%,-23.13%,--,--,-26.26%
005284,华商可转债债券C,0.9183,1.59%,0.04%,-6.69%,--,--,-7.98%
005285,广发中证10年期国开债C,1.0387,0.96%,0.93%,3.76%,--,--,5.87%
005286,银华岁丰定期开放债券发起式,1.0407,0.51%,2.45%,3.62%,--,--,4.06%
005287,海富通创业板增强C,0.7708,-6.25%,-20.05%,-21.98%,--,--,-21.98%
005288,海富通创业板增强A,0.7728,-6.22%,-20.00%,-21.78%,--,--,-21.78%
005289,融通通昊定期开放债券,1.0280,0.96%,2.22%,--,--,--,2.86%
005290,诺德新盛灵活配置混合,0.7831,-5.91%,-14.85%,-23.18%,--,--,-21.54%
005291,华富星玉衡混合A,0.9898,-2.48%,-1.85%,-3.42%,--,--,-3.63%
005292,华富星玉衡混合C,0.9872,-2.54%,-2.01%,-3.72%,--,--,-4.11%
005293,诺德新旺,0.8727,-3.54%,-15.44%,-15.51%,--,--,-12.99%
005294,诺德新宜灵活配置混合,0.8465,-7.87%,-18.00%,-18.93%,--,--,-16.25%
005295,诺德天富灵活配置混合,0.8782,-2.15%,-5.41%,-12.57%,--,--,-12.13%
005296,南华丰淳混合A,0.7558,-8.09%,-16.44%,-25.32%,--,--,-23.90%
005297,南华丰淳混合C,0.7448,-8.11%,-16.50%,-25.40%,--,--,-25.01%
005299,万家成长优选混合A,0.7723,-7.44%,-14.97%,-23.64%,--,--,-22.34%
005300,万家成长优选混合C,0.7692,-7.48%,-15.08%,-23.85%,--,--,-22.67%
005301,前海开源景鑫混合A,1.1194,2.71%,6.90%,10.89%,--,--,11.45%
005302,前海开源景鑫混合C,1.1188,2.68%,6.87%,10.88%,--,--,11.40%
005303,嘉实医药健康股票A,0.8473,-6.43%,-23.35%,-20.13%,--,--,-15.58%
005304,嘉实医药健康股票C,0.8408,-6.49%,-23.49%,-20.48%,--,--,-16.24%
005307,财通资管鑫达混合A,1.0168,0.34%,0.84%,1.53%,--,--,3.44%
005308,财通资管鑫达混合C,1.0138,0.32%,0.75%,1.22%,--,--,2.94%
005309,中银汇嘉定期开放债券,1.0307,0.57%,1.49%,3.30%,--,--,3.40%
005310,广发电子信息传媒股票,0.6674,-12.61%,-20.02%,-29.99%,--,--,-33.34%
005311,万家经济新动能混合A,0.9728,-2.62%,-2.74%,-2.82%,--,--,-2.69%
005312,万家经济新动能混合C,0.9717,-2.65%,-2.84%,-3.02%,--,--,-2.80%
005313,万家家裕债券A,1.0119,0.35%,0.40%,0.43%,--,--,1.12%
005314,万家家裕债券C,1.0008,0.31%,0.30%,0.15%,--,--,0.01%
005315,泰达宏利交利3个月定开债A,1.0168,0.42%,1.34%,2.78%,--,--,4.71%
005316,泰达宏利交利3个月定开债C,1.0168,-2.46%,-1.57%,-0.18%,--,--,1.70%
005317,万家瑞舜灵活配置混合A,0.9461,-0.39%,-0.89%,-4.77%,--,--,-5.08%
005318,万家瑞舜灵活配置混合C,0.9425,-0.39%,-1.00%,-5.09%,--,--,-5.44%
005321,中银证券汇宇定期开放债券,1.0325,0.66%,1.73%,3.59%,--,--,6.04%
005322,中银丰禧定期开放债券,1.0217,0.45%,1.28%,2.65%,--,--,4.13%
005323,前海开源泽鑫混合A,1.0098,0.15%,0.45%,0.94%,--,--,0.90%
005324,前海开源泽鑫混合C,1.0092,0.13%,0.42%,0.88%,--,--,0.83%
005325,景顺长城泰恒回报混合A,0.8557,-2.67%,-10.07%,-15.43%,--,--,-14.08%
005326,景顺长城泰恒回报混合C,0.8548,-2.69%,-10.11%,-15.51%,--,--,-14.18%
005327,景顺长城景泰稳利定开债A,1.0266,0.33%,1.26%,2.42%,--,--,3.86%
005328,前海开源价值策略股票,0.7076,-3.92%,-17.32%,-27.69%,--,--,-29.18%
005329,添富民安增益定开混合A,--,0.22%,-0.07%,0.24%,--,--,0.74%
005330,添富民安增益定开混合C,--,0.18%,-0.18%,0.03%,--,--,0.47%
005331,益民优势安享混合,0.9239,0.25%,-4.94%,--,--,--,-6.57%
005335,浙商全景消费混合,0.9130,-2.34%,-10.65%,-12.22%,--,--,-9.35%
005336,中加颐慧定开债券发起式A,1.0175,0.44%,2.17%,3.39%,--,--,4.91%
005337,中加颐慧定开债券发起式C,1.0001,0.00%,0.00%,0.00%,--,--,0.00%
005338,兴业3个月定开债券,1.0145,0.58%,1.39%,--,--,--,1.77%
005339,兴业中证国有企业指数增强,0.9431,-5.56%,--,--,--,--,-5.90%
005340,兴业6个月定开债券,1.0268,0.60%,1.99%,3.35%,--,--,4.74%
005341,长安裕泰混合A,0.8784,-1.67%,-7.70%,-7.68%,--,--,-12.11%
005342,长安裕泰混合C,0.8825,-1.68%,-7.74%,-7.78%,--,--,-11.71%
005343,长安裕盛灵活配置混合A,0.9230,-0.83%,-6.10%,-5.79%,--,--,-7.81%
005344,长安裕盛灵活配置混合C,0.9194,-0.83%,-6.13%,-5.86%,--,--,-8.16%
005345,长安泓润纯债债券A,1.0153,0.49%,1.13%,--,--,--,1.51%
005346,长安泓润纯债债券C,1.0146,0.47%,1.08%,--,--,--,1.44%
005351,汇添富行业整合混合,0.8672,-2.44%,-14.09%,-12.81%,--,--,-13.14%
005352,鹏扬景泰成长混合A,0.8284,0.50%,-9.03%,-16.02%,--,--,-17.24%
005353,鹏扬景泰成长混合C,0.8256,0.46%,-9.11%,-16.20%,--,--,-17.53%
005354,富国沪港深行业精选混合,0.9639,-0.92%,-10.53%,-8.29%,--,--,-3.95%
005355,中金金序量化成长A,0.8234,-2.98%,-8.23%,-17.54%,--,--,-17.44%
005356,中金金序量化成长C,0.8218,-2.96%,-8.13%,-17.62%,--,--,-17.60%
005357,富国国企改革灵活配置混合,0.8145,-3.59%,-5.59%,-16.14%,--,--,-18.94%
005358,东方阿尔法精选混合A,0.8363,-3.09%,-9.30%,-15.80%,--,--,-15.83%
005359,东方阿尔法精选混合C,0.8336,-3.13%,-9.41%,-16.01%,--,--,-16.11%
005360,汇安资产轮动混合,0.8932,-0.04%,-5.14%,-6.98%,--,--,-10.74%
005361,中融聚商定期开放债券,1.0364,0.68%,1.70%,3.27%,--,--,3.65%
005364,华夏鼎顺三个月定开债A,1.0002,0.32%,--,--,--,--,0.12%
005365,华夏鼎顺三个月定开债C,1.0000,--,--,--,--,--,0.00%
005366,上投摩根丰瑞债券A,1.0237,0.69%,1.29%,2.43%,--,--,4.51%
005367,上投摩根丰瑞债券C,1.0254,0.67%,1.25%,2.59%,--,--,4.64%
005369,富国臻利纯债定开债券,1.0332,0.69%,2.42%,3.38%,--,--,3.38%
005370,申万菱信价值优选混合,0.8079,0.64%,-6.87%,-11.55%,--,--,-19.42%
005371,中加心悦混合A,1.0233,0.51%,1.03%,1.98%,--,--,2.28%
005372,中加心悦混合C,1.0229,0.51%,1.03%,1.94%,--,--,2.24%
005373,中加紫金灵活配置混合A,0.7968,-3.79%,-10.89%,-20.00%,--,--,-20.00%
005374,中加紫金灵活配置混合C,0.7953,-3.82%,-10.98%,-20.15%,--,--,-20.15%
005375,建信睿和纯债定开债,1.0489,0.72%,1.86%,3.84%,--,--,4.93%
005376,北信瑞丰华丰灵配,1.0030,0.41%,0.07%,0.07%,--,--,0.22%
005377,华安鼎瑞定开债发起式,1.0320,0.54%,1.72%,1.48%,--,--,3.49%
005378,前海联合泓元定开债券,1.0263,0.58%,1.61%,3.15%,--,--,4.96%
005379,添富价值创造定开混合,--,-1.21%,-6.75%,-7.54%,--,--,-12.77%
005381,泰康睿利量化多策略混合A,0.7239,-7.02%,-17.04%,-26.50%,--,--,-27.57%
005382,泰康睿利量化多策略混合C,0.7220,-7.06%,-17.16%,-26.69%,--,--,-27.76%
005383,富国绿色纯债一年定开债,1.0535,0.58%,3.64%,4.66%,--,--,5.33%
005384,银河铭忆3个月定开债券,1.0246,0.60%,1.50%,3.02%,--,--,4.61%
005385,银河量化配置混合,,,,,,,
005386,银河睿达灵活配置混合A,1.0331,0.54%,1.05%,2.50%,--,--,3.22%
005387,银河睿达灵活配置混合C,1.0327,0.53%,1.08%,2.45%,--,--,3.18%
005388,兴业安弘3个月定开债,1.0163,0.50%,1.79%,3.27%,--,--,4.70%
005389,汇安裕慧纯债定期开放,--,--,--,--,--,--,--
005390,工银创业板ETF联接A,0.7140,-7.87%,-20.26%,-28.79%,--,--,-28.59%
005391,工银创业板ETF联接C,0.7101,-7.91%,-20.34%,-28.95%,--,--,-28.99%
005392,长信价值蓝筹两年定开,--,-0.02%,--,--,--,--,-1.12%
005393,南方卓利定开债发起式A,1.0334,0.29%,1.50%,2.34%,--,--,3.36%
005394,南方卓利定开债发起式C,--,--,--,--,--,--,0.00%
005395,泓德臻远回报混合,0.8534,-4.65%,-8.99%,--,--,--,-13.86%
005396,中金丰硕混合,0.8233,-4.57%,-11.35%,-15.76%,--,--,-17.72%
005397,南方安养混合,0.9952,0.10%,-1.38%,-1.07%,--,--,-0.32%
005398,鹏扬淳优一年定期开放债,1.0237,0.86%,2.14%,4.03%,--,--,5.69%
005399,长信量化价值驱动混合,0.9868,-1.70%,--,--,--,--,-1.02%
005400,万家潜力价值灵活配置混合A,0.8254,-0.95%,-7.62%,-15.96%,--,--,-17.35%
005401,万家潜力价值灵活配置混合C,0.8207,-0.99%,-7.75%,-16.21%,--,--,-17.83%
005402,广发资源优选股票,0.8705,4.34%,-6.97%,-11.72%,--,--,-11.67%
005403,南方融尚再融资混合,0.9738,-0.33%,-2.57%,-2.87%,--,--,-2.51%
005404,创金合信价值红利混合C,0.9014,-7.32%,-8.64%,--,--,--,-10.28%
005405,中金金序量化蓝筹A,0.8481,-2.49%,-8.30%,-13.77%,--,--,-15.18%
005406,中金金序量化蓝筹C,0.8855,-2.52%,-8.41%,-13.99%,--,--,-11.44%
005407,华夏鼎泰六个月定开债A,1.0255,0.79%,2.24%,--,--,--,3.10%
005408,华夏鼎泰六个月定开债C,--,--,--,--,--,--,0.00%
005409,华泰柏瑞新兴产业混合,0.8591,-2.13%,-11.79%,-11.71%,--,--,-14.24%
005410,汇添富鑫盛定开债A,1.0170,0.83%,1.93%,--,--,--,3.12%
005411,汇添富鑫盛定开债C,--,--,--,--,--,--,0.00%
005414,创金合信国证A股指数A,0.7523,-4.73%,-12.71%,-22.36%,--,--,-24.79%
005415,创金合信国证A股指数C,0.7509,-4.72%,-12.74%,-22.42%,--,--,-24.92%
005416,鹏华尊惠定期开放混合A,--,-1.95%,-2.75%,-5.41%,--,--,-5.45%
005417,鹏华尊惠定期开放混合C,--,-1.99%,-2.87%,-5.65%,--,--,-5.71%
005418,申万菱信量化驱动混合,0.8356,-1.76%,-11.75%,-16.93%,--,--,-16.62%
005419,中欧聚瑞债券A,0.9992,-0.54%,--,--,--,--,-0.45%
005420,中欧聚瑞债券C,1.0018,-0.72%,--,--,--,--,-0.20%
005421,中欧嘉泽灵活配置混合,0.9075,-0.27%,-2.98%,-7.96%,--,--,-8.73%
005422,鹏华兴嘉定期开放混合,,,,,,,
005423,浙商汇金聚禄一年定期A,1.0065,0.51%,--,--,--,--,0.65%
005424,浙商汇金聚禄一年定期C,1.0059,0.47%,--,--,--,--,0.59%
005427,渤海汇金汇增利3个月定开,1.0009,-0.03%,-0.02%,0.02%,--,--,0.99%
005428,渤海汇金汇添益3个月定开,1.0007,-0.03%,-0.02%,0.00%,--,--,0.97%
005429,渤海汇金睿选混合A,1.0123,-0.12%,-0.75%,0.48%,--,--,1.21%
005430,渤海汇金睿选混合C,1.0071,-0.18%,-0.90%,0.07%,--,--,0.68%
005431,上银聚增富定期开放债券,1.0229,0.45%,1.26%,2.59%,--,--,4.05%
005432,上银聚鸿益定开债,1.0018,0.47%,--,--,--,--,0.17%
005434,鹏华睿投混合,0.8269,-7.58%,-14.20%,--,--,--,-17.89%
005435,国投瑞银顺银定开债,1.0289,0.44%,1.26%,2.65%,--,--,3.13%
005436,圆信永丰兴瑞定开债,1.0095,0.51%,1.89%,--,--,--,1.95%
005437,易方达易百智能量化策略A,0.7842,-2.35%,-9.92%,-21.88%,--,--,-21.93%
005438,易方达易百智能量化策略C,0.7823,-2.37%,-10.00%,-22.01%,--,--,-22.11%
005439,易方达恒安定开债发起式,1.0276,0.68%,1.82%,--,--,--,2.76%
005440,华安全球稳健配置(QDII-FOF)A,--,0.20%,0.12%,--,--,--,0.12%
005441,华安全球稳健配置(QDII-FOF)C,--,0.16%,-0.29%,--,--,--,-0.30%
005442,兴业安和6个月定开债,1.0145,0.50%,1.90%,2.92%,--,--,3.36%
005443,国金量化多策略混合,0.7570,-2.91%,-13.07%,-21.15%,--,--,-24.20%
005444,光大保德信多策略精选混合,--,-2.45%,-3.38%,-9.67%,--,--,-9.16%
005445,华宝价值发现混合,0.8284,-2.20%,-6.82%,-13.09%,--,--,-17.19%
005446,鑫元广利定开债发起式,1.0190,0.75%,2.40%,3.41%,--,--,5.41%
005447,银华智荟分红收益混合,0.7906,-2.40%,-11.17%,-16.01%,--,--,-21.11%
005448,诺安联创顺鑫A,1.0181,0.31%,0.97%,--,--,--,1.82%
005449,华夏行业龙头混合,0.8629,0.73%,-10.03%,-12.45%,--,--,-13.57%
005450,华夏稳盛灵活配置混合,0.8377,0.86%,-14.19%,-14.78%,--,--,-16.85%
005451,鹏扬双利债券A,1.0619,0.80%,3.17%,4.79%,--,--,6.41%
005452,鹏扬双利债券C,1.0592,0.76%,3.06%,4.56%,--,--,6.13%
005453,前海开源医疗健康A,0.9150,-4.54%,-16.63%,-12.30%,--,--,-9.56%
005454,前海开源医疗健康C,0.9143,-4.54%,-16.65%,-12.34%,--,--,-9.62%
005455,建信睿丰纯债定期开放债券,1.0252,0.17%,0.96%,2.24%,--,--,2.51%
005457,景顺长城量化小盘股票,0.7747,-8.14%,-17.97%,-29.34%,--,--,-22.56%
005458,中邮安泰双核混合,0.9986,-0.44%,-0.56%,--,--,--,-0.36%
005459,银河嘉谊灵活配置混合A,0.8158,-3.50%,-12.11%,-17.48%,--,--,-18.86%
005460,银河嘉谊灵活配置混合C,0.8158,-3.51%,-12.14%,-17.52%,--,--,-18.86%
005461,南方希元转债,0.8946,-3.04%,-9.49%,-9.83%,--,--,-9.76%
005462,博时富业3个月定开债,1.0082,0.72%,1.12%,--,--,--,1.13%
005463,银华多元收益定开混合A,--,0.61%,-0.34%,-2.54%,--,--,-5.52%
005464,银华多元收益定开混合C,--,0.50%,-0.60%,-3.05%,--,--,-6.15%
005467,华泰紫金智盈债券A,1.0654,0.73%,0.53%,6.32%,--,--,6.56%
005468,华泰紫金智盈债券C,1.0143,0.70%,0.52%,1.31%,--,--,1.45%
005469,南方浙利定开债券,1.0430,0.79%,2.00%,3.99%,--,--,4.29%
005470,南方乾利定开债,1.0431,0.80%,2.03%,4.02%,--,--,4.32%
005471,招商招财通理财债券C,,--,--,--,--,--,--
005472,富国价值驱动灵活配置混合A,0.7572,-9.70%,-15.19%,-23.83%,--,--,-23.56%
005473,富国价值驱动灵活配置混合C,0.7538,-9.76%,-15.36%,-24.16%,--,--,-23.91%
005474,泰康均衡优选混合A,0.8272,-1.55%,-16.26%,-15.72%,--,--,-17.37%
005475,泰康均衡优选混合C,0.8266,-1.60%,-16.33%,-15.78%,--,--,-17.43%
005476,南方涪利定开债,1.0321,0.83%,2.27%,3.26%,--,--,3.26%
005477,长安鑫禧灵活配置混合A,0.8570,-1.50%,-10.94%,-14.03%,--,--,-13.94%
005478,长安鑫禧灵活配置混合C,0.8556,-1.51%,-10.98%,-14.14%,--,--,-14.09%
005479,安信永泰定开债发起式,1.0159,0.54%,1.23%,1.01%,--,--,1.58%
005480,诺安联创顺鑫C,1.0184,0.30%,0.93%,--,--,--,1.85%
005481,银华瑞泰灵活配置混合,0.8827,0.33%,-11.01%,-10.78%,--,--,-11.60%
005482,博时创新驱动混合A,0.7997,-7.66%,-18.48%,-22.85%,--,--,-19.60%
005483,博时创新驱动混合C,0.7951,-7.72%,-18.65%,-23.16%,--,--,-20.06%
005484,中欧睿选定开混合,--,0.07%,--,--,--,--,0.11%
005485,海富通恒丰定开债券,1.0285,0.75%,1.69%,--,--,--,2.82%
005486,平安大华量化精选混合A,0.8639,0.41%,-5.65%,-9.69%,--,--,-13.41%
005487,平安大华量化精选混合C,0.8592,0.34%,-5.84%,-10.06%,--,--,-13.90%
005488,天弘尊享定开债发起式,1.0171,0.60%,2.28%,3.87%,--,--,5.54%
005489,中金衡优灵活配置混合A,1.0073,0.48%,0.34%,--,--,--,0.73%
005490,中金衡优灵活配置混合C,1.0031,0.44%,0.23%,--,--,--,0.31%
005492,农银汇理研究驱动混合,0.8596,-1.25%,-11.61%,-12.25%,--,--,-13.80%
005493,鑫元价值精选混合A,0.8430,-3.10%,-11.99%,-15.24%,--,--,-15.51%
005494,鑫元价值精选混合C,0.8399,-3.14%,-12.11%,-15.46%,--,--,-15.83%
005495,创金合信科技成长股票A,0.7577,-8.62%,-17.79%,-24.60%,--,--,-23.82%
005496,创金合信科技成长股票C,0.7566,-8.63%,-17.87%,-24.64%,--,--,-23.92%
005498,银华积极成长混合,0.8417,-2.20%,-12.77%,-15.35%,--,--,-15.47%
005499,国投瑞银兴颐多策略混合,0.9204,-1.38%,-4.53%,-7.86%,--,--,-7.74%
005500,银华岁盈定期开放债券,1.0008,0.93%,--,--,--,--,0.54%
005501,华安安逸半年定开债,1.0098,0.59%,1.52%,2.93%,--,--,3.26%
005502,华泰紫金智能量化股票发起,0.8179,-1.73%,-11.96%,-17.36%,--,--,-17.67%
005503,汇添富理财60天债券E,1.0338,0.32%,1.02%,2.14%,--,--,3.60%
005504,添富沪港深大盘价值混合,0.8518,-2.13%,-11.95%,-14.12%,--,--,-15.09%
005505,前海开源丰鑫混合A,1.0698,2.32%,4.78%,6.87%,--,--,6.88%
005506,前海开源丰鑫混合C,1.0697,2.31%,4.76%,6.87%,--,--,6.88%
005507,永赢丰利债券A,1.0141,0.75%,1.47%,2.62%,--,--,3.68%
005508,永赢丰利债券C,1.0135,0.74%,1.41%,2.50%,--,--,3.52%
005511,中信建投稳福定开债A,,,,,,,
005512,中信建投稳福定开债C,,,,,,,
005515,银华中小市值量化优选A,0.7600,-5.38%,-13.87%,--,--,--,-23.63%
005516,银华中小市值量化优选C,0.7589,-5.38%,-13.95%,--,--,--,-23.74%
005517,富国新趋势灵活配置混合A,1.0130,-0.13%,-0.22%,1.15%,--,--,1.42%
005518,富国新趋势灵活配置混合C,1.0088,-0.18%,-0.37%,0.77%,--,--,1.00%
005519,银华混改红利灵活配置混合发起式,0.8982,0.89%,-6.56%,--,--,--,-10.55%
005520,国投瑞银创新医疗混合,0.7853,-7.45%,-20.86%,-21.57%,--,--,-21.25%
005521,华安红利精选混合,0.8123,1.36%,-2.07%,-9.91%,--,--,-18.81%
005522,华泰保兴吉年福定开混合,0.9684,0.00%,-1.83%,-3.26%,--,--,-2.92%
005523,泰康颐年混合A,1.0179,0.56%,1.27%,--,--,--,1.79%
005524,泰康颐年混合C,1.0162,0.52%,1.13%,--,--,--,1.61%
005525,工银瑞祥定开发起式债券,1.0229,0.78%,2.16%,--,--,--,2.74%
005526,工银新生代消费混合,0.8624,-0.60%,-10.57%,-11.92%,--,--,-13.63%
005527,中信建投山西国企债A,0.9989,--,--,--,--,--,-0.11%
005528,中信建投山西国企债C,0.9986,--,--,--,--,--,-0.14%
005529,银华华茂定开债券,1.0159,0.54%,1.36%,--,--,--,1.98%
005530,汇添富价值多因子股票,0.8728,-2.18%,-9.84%,-13.03%,--,--,-13.00%
005531,华安安悦债券A,1.0117,0.50%,1.31%,2.53%,--,--,3.29%
005532,华安安悦债券C,1.0126,0.49%,1.28%,2.47%,--,--,4.30%
005533,银华国企改革混合发起式,--,-3.68%,-4.92%,--,--,--,-4.97%
005534,华夏新时代混合(QDII),--,-3.68%,-6.13%,--,--,--,-7.02%
005535,泰信竞争优选混合,0.9943,-0.19%,-1.19%,--,--,--,-0.65%
005537,中航新起航灵活配置混合A,1.0178,0.13%,0.36%,--,--,--,1.68%
005538,中航新起航灵活配置混合C,1.0100,0.13%,0.23%,--,--,--,0.91%
005541,前海开源盛鑫混合A,1.1974,0.49%,18.94%,19.64%,--,--,19.64%
005542,前海开源盛鑫混合C,1.1981,0.48%,19.05%,19.72%,--,--,19.72%
005543,银华心诚灵活配置混合,0.7910,1.41%,-9.58%,-15.90%,--,--,-21.36%
005544,银华瑞和灵活配置混合,0.9251,0.13%,-4.17%,--,--,--,-6.81%
005545,中银改革红利灵活配置混合,0.9614,-0.14%,-2.23%,-2.96%,--,--,-3.49%
005547,诺安圆鼎定开债,1.0373,0.71%,2.43%,3.34%,--,--,3.84%
005548,诺安鑫享定开债发起式,1.0288,0.70%,1.41%,2.34%,--,--,3.04%
005549,富国成长优选三年定开混合,--,-3.08%,-13.70%,-19.20%,--,--,-20.58%
005550,汇安成长优选混合A,0.7435,-7.63%,-16.11%,-25.25%,--,--,-25.90%
005551,汇安成长优选混合C,0.7382,-7.68%,-16.27%,-25.57%,--,--,-26.43%
005552,国富新趋势混合A,1.0267,0.27%,1.19%,2.21%,--,--,2.59%
005553,国富新趋势混合C,1.0257,0.28%,1.19%,2.16%,--,--,2.49%
005554,南方H股联接A,--,1.40%,-0.66%,-5.25%,--,--,-7.02%
005555,南方H股联接C,--,1.37%,-0.76%,-5.43%,--,--,-7.26%
005556,汇安裕华定开债发起式,1.0361,0.59%,1.53%,3.17%,--,--,3.91%
005557,广发海外多元配置人民币,--,-4.38%,-1.42%,2.46%,--,--,-1.14%
005558,广发海外多元配置美元,--,-5.23%,-5.48%,-6.71%,--,--,-9.37%
005559,广发集泰债券A,1.0062,0.32%,--,--,--,--,0.63%
005560,广发集泰债券C,1.0054,0.28%,--,--,--,--,0.54%
005561,创金中证红利低波动A,--,-1.58%,-7.99%,--,--,--,-14.51%
005562,创金中证红利低波动C,--,-1.60%,-8.03%,--,--,--,-14.59%
005563,创金合信国证1000指数A,0.7951,-3.56%,-11.34%,-20.13%,--,--,-20.62%
005564,创金合信国证1000指数C,0.7941,-3.58%,-11.38%,-20.21%,--,--,-20.72%
005565,创金合信国证2000指数A,0.7587,-9.66%,-16.98%,-29.14%,--,--,-24.19%
005566,创金合信国证2000指数C,0.7576,-9.67%,-17.02%,-29.21%,--,--,-24.31%
005567,创金MSCI中国A股国际指数A,--,-1.50%,-9.09%,-17.11%,--,--,-18.19%
005568,创金MSCI中国A股国际指数C,--,-1.52%,-9.16%,-17.23%,--,--,-18.34%
005569,中融智选红利股票A,0.8509,-1.52%,-6.93%,-14.55%,--,--,-14.56%
005570,中融智选红利股票C,0.8484,-1.57%,-7.08%,-14.83%,--,--,-14.84%
005571,中银证券新能源混合A,0.9624,-4.41%,--,--,--,--,-4.34%
005572,中银证券新能源混合C,0.9620,-4.42%,--,--,--,--,-4.38%
005573,东吴悦秀A,1.0316,0.68%,1.71%,--,--,--,3.15%
005574,东吴悦秀C,1.0315,0.68%,1.70%,--,--,--,3.14%
005575,长信稳鑫三个月定开债发起式,1.0382,0.68%,1.82%,3.15%,--,--,4.17%
005576,华泰柏瑞新金融地产混合,0.8509,-0.67%,-2.89%,-13.09%,--,--,-14.35%
005577,交银丰晟收益债券A,1.0411,1.33%,4.18%,--,--,--,4.65%
005578,交银丰晟收益债券C,1.0389,1.27%,4.01%,--,--,--,4.41%
005579,光大保德信晟利债券A,1.0046,0.29%,--,--,--,--,0.47%
005580,光大保德信晟利债券C,1.0038,0.25%,--,--,--,--,0.39%
005581,华夏信用债ETF联接A,1.0379,0.50%,1.70%,--,--,--,3.80%
005582,华夏信用债ETF联接C,1.0367,0.49%,1.64%,--,--,--,3.69%
005583,易方达港股通红利混合,0.7863,-3.15%,-13.09%,-19.42%,--,--,-22.81%
005584,银河量化成长混合,1.0201,0.02%,0.26%,--,--,--,1.87%
005585,银河文体娱乐混合,0.9887,-1.08%,-2.72%,--,--,--,-1.81%
005586,银河量化多策略混合,,,,,,,
005587,安信比较优势混合,0.8334,-3.19%,-8.76%,-16.25%,--,--,-16.17%
005588,长安裕腾混合A,0.9312,-2.42%,-7.35%,--,--,--,-7.17%
005589,长信企业精选定开混合,--,-2.84%,--,--,--,--,-3.79%
005590,汇添富鑫永定开债A,1.0473,0.92%,2.08%,3.86%,--,--,4.81%
005591,汇添富鑫永定开债C,--,--,--,--,--,--,0.00%
005592,长安裕腾混合C,0.9264,-2.44%,-7.75%,--,--,--,-7.65%
005593,上投创新商业模式混合,0.7617,-5.55%,-19.22%,-23.22%,--,--,-23.22%
005594,招商添润3个月定开债A,1.0412,0.56%,1.24%,2.69%,--,--,4.15%
005595,招商添润3个月定开债C,--,--,--,--,--,--,0.00%
005596,建信战略精选灵活配置混合A,0.8248,-1.95%,-13.21%,-17.05%,--,--,-17.05%
005597,建信战略精选灵活配置混合C,0.8222,-1.99%,-13.31%,-17.31%,--,--,-17.31%
005598,广发中小盘精选混合,0.8491,0.15%,-8.97%,--,--,--,-13.84%
005599,汇安量化优选灵活配置A,0.9376,-2.71%,--,--,--,--,-6.09%
005600,汇安量化优选灵活配置C,0.9354,-2.79%,--,--,--,--,-6.32%
005603,嘉实新添康定期混合A,--,--,--,--,--,--,0.03%
005604,嘉实新添康定期混合C,--,--,--,--,--,--,0.01%
005605,兴银瑞福定开债,--,--,--,--,--,--,--
005606,招商招鸿6个月定开债发起式,1.0314,0.48%,1.16%,3.20%,--,--,3.43%
005607,华宝中证500增强A,0.7848,-5.04%,-13.78%,--,--,--,-20.62%
005608,华宝中证500增强C,0.7833,-5.06%,-13.86%,--,--,--,-20.77%
005609,富国军工主题混合,0.8132,-7.26%,-12.75%,-17.21%,--,--,-18.05%
005610,中银泰享定期开放债券,1.0285,0.55%,1.36%,2.95%,--,--,3.15%
005611,中银证券汇享定开债,1.0150,0.65%,1.44%,--,--,--,1.87%
005612,嘉实核心优势股票发起式,0.8525,1.00%,-10.59%,-12.08%,--,--,-14.15%
005613,上投富时发达市场REITs,1.1132,-5.47%,-1.54%,--,--,--,7.92%
005614,上投富时发达市场REITs美钞,0.1611,-4.03%,-3.91%,--,--,--,0.76%
005615,上投富时发达市场REITs美汇,0.1612,-4.03%,-3.91%,--,--,--,0.76%
005616,东方量化成长灵活配置混合,0.8772,-1.86%,-9.40%,-12.45%,--,--,-12.48%
005617,中信嘉鑫定期开放债券,1.0435,0.63%,2.08%,3.40%,--,--,4.41%
005618,融通红利机会主题精选混合A,0.9415,-1.26%,-3.49%,-6.65%,--,--,-5.93%
005619,融通红利机会主题精选混合C,0.9389,-1.30%,-3.61%,-6.88%,--,--,-6.19%
005620,中欧品质消费股票A,0.9084,0.33%,-11.85%,-8.78%,--,--,-9.30%
005621,中欧品质消费股票C,0.9017,0.28%,-12.02%,-9.41%,--,--,-10.05%
005622,博时富安3个月定开债,1.0448,0.96%,2.00%,3.72%,--,--,4.56%
005623,广发中债1-3年农发债指数A,1.0194,0.63%,1.74%,--,--,--,2.95%
005624,广发中债1-3年农发债指数C,1.0566,0.63%,1.75%,--,--,--,6.67%
005625,南华瑞鑫定期开放债券,1.0333,0.54%,1.70%,3.27%,--,--,3.51%
005628,汇安趋势动力股票A,0.9428,-1.85%,-6.59%,--,--,--,-5.95%
005629,汇安趋势动力股票C,0.9387,-1.89%,-6.71%,--,--,--,-6.36%
005630,华安研究精选混合,0.8082,-6.02%,-16.05%,-19.33%,--,--,-19.00%
005631,博时富乾3个月定开债,1.0320,0.67%,1.76%,2.65%,--,--,3.29%
005632,鹏华量化先锋混合,0.7116,-2.03%,-9.33%,-24.47%,--,--,-29.09%
005633,建信中证500指数增强C,1.6453,-7.77%,-17.88%,-28.22%,--,--,-30.43%
005635,博时量化多策略股票A,0.8396,-1.95%,-7.33%,-15.66%,--,--,-15.66%
005636,博时量化多策略股票C,0.8360,-2.02%,-7.52%,-16.02%,--,--,-16.02%
005637,中融聚业定期开放债券,,,,,,,
005638,农银汇理量化智慧动力混合,0.8581,-2.87%,-10.14%,-14.10%,--,--,-14.08%
005639,平安300ETF联接A,0.8458,-0.94%,-7.80%,-15.43%,--,--,-15.43%
005640,平安300ETF联接C,0.8442,-0.97%,-7.87%,-15.60%,--,--,-15.60%
005641,国投瑞银顺源6个月定开债,1.0167,0.80%,1.63%,3.41%,--,--,4.39%
005642,鹏扬景升A,0.8859,-0.09%,-6.91%,-11.29%,--,--,-11.30%
005643,鹏扬景升C,0.8820,-0.15%,-7.09%,-11.68%,--,--,-11.69%
005644,广发沪港深龙头混合,0.8804,0.33%,-7.93%,-11.42%,--,--,-11.64%
005645,华泰保兴尊信定开债,1.0414,0.59%,2.04%,3.09%,--,--,4.17%
005646,中海沪港深多策略灵活配置混合,0.8759,-1.05%,-14.43%,-13.10%,--,--,-12.98%
005647,广发汇佳定期开放债券,1.0343,0.66%,1.62%,3.19%,--,--,3.48%
005648,招商添琪3个月定开债A,1.0382,0.64%,1.40%,3.01%,--,--,3.85%
005649,招商添琪3个月定开债C,--,--,--,--,--,--,0.00%
005650,万家量化同顺混合A,0.8695,-2.21%,-11.82%,--,--,--,-12.53%
005651,万家量化同顺混合C,0.8667,-2.25%,-12.00%,--,--,--,-12.81%
005652,国富天颐混合A,1.0189,0.18%,0.57%,1.70%,--,--,1.77%
005653,国富天颐混合C,1.0140,0.12%,0.37%,1.22%,--,--,1.27%
005654,天弘悦享定开债券,1.0214,0.52%,1.76%,--,--,--,2.47%
005655,诺安浙享定开债券,1.0000,--,--,--,--,--,0.05%
005656,光大保德信安泽债券A,0.9987,-0.04%,--,--,--,--,-0.04%
005657,光大保德信安泽债券C,0.9983,-0.08%,--,--,--,--,-0.08%
005658,华夏沪深300ETF联接C,1.0547,-0.94%,-7.86%,-16.14%,--,--,-23.22%
005659,南方恒指ETF联接C,--,-0.80%,-5.47%,-6.50%,--,--,0.04%
005660,嘉实资源精选股票A,,,,,,,
005661,嘉实资源精选股票C,,,,,,,
005662,嘉实金融精选股票A,0.9842,3.48%,1.35%,0.86%,--,--,-0.77%
005663,嘉实金融精选股票C,0.9810,3.44%,1.21%,0.57%,--,--,-1.09%
005664,鹏扬景欣混合A,1.0064,0.65%,-0.06%,--,--,--,0.60%
005665,鹏扬景欣混合C,1.0040,0.61%,-0.21%,--,--,--,0.37%
005666,上银慧佳盈债券,1.0193,0.47%,1.27%,--,--,--,1.96%
005667,易方达富财纯债,,,,,,,
005668,融通新能源汽车主题精选混合,0.7760,-7.77%,-15.83%,--,--,--,-22.03%
005669,前海开源公用事业股票,0.9445,-2.22%,-5.45%,-5.61%,--,--,-5.65%
005670,嘉实致兴定开债发起式,1.0475,0.61%,3.47%,--,--,--,4.74%
005671,前海联合研究优选混合A,1.0027,0.10%,--,--,--,--,0.19%
005672,前海联合研究优选混合C,1.0010,0.04%,--,--,--,--,0.02%
005673,新华惠鑫债券A,0.9980,0.00%,0.00%,0.00%,--,--,0.00%
005674,诺德消费升级混合,0.9576,-1.17%,-3.94%,--,--,--,-4.50%
005675,易方达恒生国企ETF联接C,1.1342,-1.20%,-0.82%,-6.45%,--,--,11.26%
005676,易方达标普消费品指数C,1.7665,-6.49%,-7.67%,-3.20%,--,--,75.70%
005677,安信永盛定开债券,1.0211,0.37%,1.08%,2.07%,--,--,2.12%
005678,安信尊享添益,1.0308,0.82%,1.31%,2.88%,--,--,3.15%
005679,财通鑫盛6个月定开,--,0.44%,1.31%,--,--,--,-0.45%
005682,财通资管消费精选混合,0.7818,-3.97%,-13.60%,-22.14%,--,--,-22.19%
005683,国寿安保华兴灵活配置混合,0.9384,-0.58%,-4.50%,--,--,--,-6.25%
005684,财通鸿睿12个月定开债A,1.0062,1.06%,--,--,--,--,0.62%
005685,财通鸿睿12个月定开债C,1.0056,1.02%,--,--,--,--,0.56%
005686,财通瑞享12个月定开,--,0.57%,2.42%,--,--,--,2.02%
005689,中银医疗保健混合,0.9348,-3.07%,-5.98%,--,--,--,-6.03%
005691,南方中证100指数C,0.9404,1.25%,-3.94%,-11.68%,--,--,-15.86%
005692,广发全指工业ETF联接C,0.6743,-6.68%,-13.32%,-27.58%,--,--,-25.23%
005693,广发中证军工ETF联接C,0.6338,-10.73%,-10.18%,-23.04%,--,--,-11.39%
005694,华富恒玖3个月定开债,1.0061,0.29%,0.82%,1.87%,--,--,1.97%
005695,华安睿明两年定开混合A,--,-1.06%,-1.32%,--,--,--,-6.97%
005696,华安睿明两年定开混合C,--,-1.16%,-1.58%,--,--,--,-7.41%
005697,安信量化多因子混合C,0.9738,0.00%,3.08%,-3.32%,--,--,-6.60%
005698,华夏全球科技先锋混合,0.9882,-7.57%,-8.36%,--,--,--,-5.16%
005699,工银新经济人民币,--,-5.15%,-14.92%,--,--,--,-16.77%
005700,工银新经济美元,--,-4.09%,-16.73%,--,--,--,-20.97%
005701,上投摩根香港精选港股通,0.9252,-0.50%,-6.34%,--,--,--,-6.84%
005702,恒生前海港股通高股息指数,--,-0.06%,-2.54%,--,--,--,-4.62%
005703,永赢增益债券A,1.0083,0.86%,1.44%,2.68%,--,--,3.20%
005704,永赢增益债券C,1.0078,0.83%,1.36%,2.57%,--,--,3.08%
005705,永赢恒益债券,1.0265,0.77%,1.82%,--,--,--,2.68%
005706,兴业龙腾双益平衡混合,0.9963,-0.51%,-0.96%,--,--,--,-0.23%
005707,富国港股通量化精选股票型,0.9108,-1.50%,-7.81%,--,--,--,-7.84%
005708,国联安远见成长混合,1.0033,0.03%,0.19%,--,--,--,0.24%
005710,兴业嘉润3个月定开债,1.0254,0.71%,1.25%,2.49%,--,--,2.88%
005711,永赢惠添利灵活配置混合,0.9318,-3.31%,-4.87%,--,--,--,-6.79%
005712,兴全祥泰定期开放债券,1.0516,0.74%,2.61%,4.65%,--,--,5.25%
005713,中融季季红定开债A,1.0137,0.90%,1.91%,3.63%,--,--,3.80%
005714,中融季季红定开债C,1.0119,0.86%,1.82%,3.45%,--,--,3.61%
005715,人保纯债一年定开A,1.0266,0.71%,1.81%,2.92%,--,--,3.04%
005716,人保纯债一年定开C,1.0245,0.67%,1.70%,2.70%,--,--,2.81%
005717,兴业机遇债券,,,,,,,
005719,招商招诚定开债发起式,1.0002,--,--,--,--,--,0.02%
005720,前海开源乾盛定开债A,1.0014,0.48%,1.29%,2.53%,--,--,2.79%
005721,前海开源乾盛定开债C,1.0000,0.00%,0.00%,0.00%,--,--,0.00%
005722,前海联合泓瑞定开债券,1.0097,0.66%,1.34%,2.83%,--,--,3.30%
005723,中融聚安3个月定开债,1.0333,0.82%,1.86%,3.36%,--,--,3.36%
005724,交银致远智投混合,--,-1.73%,-2.20%,--,--,--,-2.46%
005726,国泰价值精选灵活配置混合,--,-4.68%,--,--,--,--,-6.96%
005727,嘉实中创400ETF联接C,0.6782,-10.45%,-20.21%,-32.29%,--,--,-32.18%
005728,华宝绿色主题混合,1.0044,0.43%,--,--,--,--,0.45%
005729,南方人工智能混合,--,--,--,--,--,--,--
005730,国泰江源优势精选混合,0.7327,-5.20%,-19.56%,-26.18%,--,--,-26.35%
005731,财通睿智6个月定开债,1.0255,0.39%,1.24%,2.47%,--,--,2.55%
005732,富国臻选成长灵活配置混合,0.9930,-0.59%,--,--,--,--,-0.74%
005733,华夏上证50ETF联接C,0.8467,2.67%,-0.24%,-8.54%,--,--,-13.32%
005734,华夏沪港通恒生ETF联接C,1.1478,-0.80%,-5.61%,-6.42%,--,--,17.21%
005735,MSCI中国A股国际通联接C,--,-0.77%,-7.68%,-16.57%,--,--,-20.12%
005736,中欧兴华债券,--,--,--,--,--,--,--
005737,博时上证50ETF联接C,0.8730,2.55%,-0.39%,-8.15%,--,--,-6.90%
005738,长城智能产业灵活配置混合,0.9490,-1.47%,-4.56%,--,--,--,-4.74%
005739,富国转型机遇混合,0.8218,-4.08%,-12.84%,--,--,--,-18.66%
005740,易方达恒信定期开放债券,1.0120,0.53%,1.81%,2.97%,--,--,3.09%
005741,南方君信混合,0.9866,-0.41%,-1.55%,--,--,--,-1.42%
005742,南方成安优选混合,0.8714,-1.88%,-12.76%,--,--,--,-11.76%
005743,长安裕隆混合A,1.0066,0.57%,--,--,--,--,0.57%
005744,长安裕隆混合C,1.0013,0.05%,--,--,--,--,0.03%
005745,广发汇康定期开放债券,1.0249,0.49%,1.59%,--,--,--,2.72%
005746,国泰聚利价值定开混合,--,-0.09%,-0.06%,-0.19%,--,--,-0.16%
005747,华安MSCI中国A股联接A,,,,,,,
005748,华安MSCI中国A股联接C,,,,,,,
005749,银河庭芳3个月定开债券,1.0220,0.49%,1.40%,2.92%,--,--,3.22%
005750,平安大华双债添益债券A,1.0168,0.00%,0.97%,--,--,--,1.64%
005751,平安大华双债添益债券C,1.0154,-0.03%,0.86%,--,--,--,1.50%
005752,金鹰添盛定开债券,1.0003,--,--,--,--,--,0.13%
005753,泰达宏利金利债券,1.0148,0.54%,1.33%,2.55%,--,--,2.82%
005754,平安大华短债A,1.0252,0.42%,1.49%,--,--,--,2.55%
005755,平安大华短债C,1.0248,0.41%,1.46%,--,--,--,2.51%
005756,平安大华短债E,1.0242,0.40%,1.44%,--,--,--,2.45%
005757,长江汇聚量化多因子,0.8838,-3.86%,-12.03%,--,--,--,-10.95%
005758,中融量化精选(FOF)A,--,-0.81%,-2.67%,--,--,--,-3.23%
005759,中融量化精选(FOF)C,--,-0.86%,-2.82%,--,--,--,-3.52%
005760,富国周期优势混合,0.9964,2.11%,0.08%,--,--,--,0.08%
005761,招商MSCI中国A股国际通A,--,-0.03%,-6.65%,--,--,--,-9.66%
005762,招商MSCI中国A股国际通C,--,-0.07%,-6.77%,--,--,--,-9.88%
005763,中欧电子信息产业沪港深股票C,1.0014,-5.37%,-4.96%,--,--,--,-8.13%
005764,中欧潜力价值灵活配置混合C,1.1070,-4.07%,-12.56%,-15.57%,--,--,-17.23%
005765,中欧明睿新常态混合C,0.9542,-6.49%,-11.38%,-17.03%,--,--,-16.42%
005766,平安大华合瑞定开债,1.0398,0.90%,1.81%,3.94%,--,--,4.00%
005769,南方共享经济混合,0.9980,-0.20%,--,--,--,--,-0.10%
005770,信达澳银中证沪港深高股息精选,,,,,,,
005771,银华可转债债券,1.0027,0.56%,--,--,--,--,0.30%
005772,工银瑞景定开发起式债券,1.0149,0.42%,1.42%,--,--,--,1.71%
005774,华夏产业升级混合,--,-1.19%,--,--,--,--,-1.77%
005775,中加转型动力混合A,--,0.18%,--,--,--,--,0.18%
005776,中加转型动力混合C,--,0.08%,--,--,--,--,0.08%
005777,广发科技动力股票,0.8460,-6.93%,-14.51%,--,--,--,-14.52%
005778,广发汇元纯债定开债,1.0311,0.57%,1.78%,3.10%,--,--,3.13%
005779,鑫元常利定开债,1.0329,0.63%,1.71%,3.20%,--,--,3.31%
005780,鑫元增利定开债发起式,1.0259,0.81%,1.56%,--,--,--,3.04%
005781,华富富瑞3个月定开债,1.0240,0.44%,1.23%,2.38%,--,--,2.44%
005782,创金合信汇益纯债一年定开债A,1.0106,0.82%,1.92%,--,--,--,1.92%
005783,创金合信汇益纯债一年定开债C,1.0102,0.79%,1.84%,--,--,--,1.84%
005784,创金汇誉六个月定开债A,1.0105,0.76%,1.05%,--,--,--,1.05%
005785,创金汇誉六个月定开债C,1.0097,0.73%,0.97%,--,--,--,0.97%
005786,中邮纯债汇利定开债,1.0006,--,--,--,--,--,0.15%
005787,中欧新趋势混合C,0.8703,-6.38%,-17.05%,-19.16%,--,--,-21.09%
005788,南方MSCI中国A股联接A,--,-0.45%,-7.26%,--,--,--,-6.43%
005789,南方MSCI中国A股联接C,--,-0.48%,-7.37%,--,--,--,-6.57%
005790,银河景行3个月定开债,1.0146,0.82%,1.50%,--,--,--,1.81%
005791,华夏鼎福三个月定开债A,1.0005,--,--,--,--,--,0.21%
005792,华夏鼎福三个月定开债C,1.0000,--,--,--,--,--,0.00%
005793,华富可转债债券,0.9257,-3.03%,-8.31%,--,--,--,-6.84%
005794,银华心怡灵活配置混合,0.9165,2.08%,-7.71%,--,--,--,-7.75%
005795,博时中证500指数增强C,0.7476,-7.03%,-14.47%,-22.32%,--,--,-22.15%
005796,嘉实新添荣定期混合A,0.9989,0.10%,-0.37%,--,--,--,-0.21%
005797,嘉实新添荣定期混合C,0.9961,0.05%,-0.53%,--,--,--,-0.49%
005799,创金合信春来回报A,--,0.38%,0.41%,--,--,--,-0.12%
005800,创金合信春来回报C,--,0.30%,0.22%,--,--,--,-0.34%
005801,工银印度基金美元,--,-10.68%,-16.52%,--,--,--,-18.83%
005802,添富智能制造股票,0.9187,-0.40%,-6.33%,--,--,--,-7.29%
005803,广发京津冀ETF联接A,--,-9.45%,-16.17%,--,--,--,-29.54%
005804,广发京津冀ETF联接C,--,-9.46%,-16.21%,--,--,--,-29.62%
005805,华泰柏瑞医疗健康混合,0.9098,-3.13%,-8.77%,--,--,--,-9.28%
005806,华泰柏瑞国企整合,0.9220,-0.77%,-7.37%,--,--,--,-6.82%
005807,安信复兴100指数A,--,-5.29%,-11.19%,--,--,--,-11.09%
005808,安信复兴100指数C,--,-5.36%,-11.29%,--,--,--,-11.21%
005809,前海开源裕源(FOF),--,0.23%,0.95%,--,--,--,0.52%
005810,南方瑞祥一年混合A,--,-1.53%,-3.06%,--,--,--,-3.18%
005811,南方瑞祥一年混合C,--,-1.63%,-3.38%,--,--,--,-3.67%
005812,鹏华产业精选,0.7687,-2.37%,-19.73%,--,--,--,-22.19%
005813,华安CES港股通ETF联接A,--,-1.76%,-7.48%,--,--,--,-8.36%
005814,华安CES港股通ETF联接C,--,-1.79%,-7.57%,--,--,--,-7.08%
005815,农银汇理睿选灵活配置混合,0.8227,-6.08%,-16.96%,--,--,--,-16.84%
005817,金元顺安沣顺定开债,1.0196,0.80%,2.38%,--,--,--,2.35%
005818,金元顺安沣泰定开债发起式,1.0204,0.75%,2.33%,--,--,--,2.59%
005819,国泰优势行业混合,0.8590,-5.75%,-10.54%,--,--,--,-13.35%
005820,博时富兴纯债3个月定开债发起式,1.0272,0.57%,1.78%,3.03%,--,--,3.03%
005821,万家新机遇龙头企业混合,0.8780,-2.82%,-9.03%,--,--,--,-11.22%
005822,国富恒裕6个月定开债,1.0240,0.39%,1.16%,2.42%,--,--,2.44%
005823,泰康颐享混合A,1.0154,0.98%,1.34%,--,--,--,1.56%
005824,泰康颐享混合C,1.0154,0.98%,1.36%,--,--,--,1.56%
005825,申万菱信智能驱动股票,0.9356,-2.03%,-5.95%,--,--,--,-5.93%
005826,华夏潜龙精选股票,--,--,--,--,--,--,-0.79%
005827,易方达蓝筹精选混合,--,-2.55%,--,--,--,--,-2.69%
005828,长江乐越定开债,1.0209,0.74%,1.55%,2.48%,--,--,2.48%
005829,建信MSCI联接A,--,-0.08%,-4.31%,--,--,--,-5.23%
005830,建信MSCI联接C,--,-0.12%,-4.41%,--,--,--,-5.39%
005831,鹏华尊悦发起式定开债券,1.0170,0.88%,2.65%,--,--,--,3.72%
005832,景顺MSCI中国A股国际通联接,--,-0.41%,-7.16%,--,--,--,-13.52%
005833,工银红利优享混合A,,,,,,,
005834,工银红利优享混合C,,,,,,,
005835,招商稳祯定期开放混合,--,--,--,--,--,--,0.03%
005840,富国产业驱动混合,,,,,,,
005841,富国尊利纯债定开债,1.0306,0.92%,2.40%,--,--,--,3.14%
005842,海富通弘丰定开债券,,,,,,,
005844,东方人工智能主题混合,0.8626,-6.42%,-14.63%,--,--,--,-14.16%
005845,长城久荣纯债定开,1.0102,0.51%,0.87%,--,--,--,1.04%
005846,宝盈盈泰纯债债券,1.0218,0.63%,2.03%,--,--,--,2.24%
005847,富国沪港深业绩驱动混合型,0.9742,-0.29%,--,--,--,--,-2.30%
005849,鑫元合利定开债发起式,1.0223,0.70%,1.87%,--,--,--,2.56%
005851,财通新视野灵活配置混合A,0.9493,-2.81%,-4.41%,--,--,--,-4.49%
005852,中银添利债券发起C,1.2221,0.58%,1.41%,2.33%,--,--,2.33%
005853,财通聚利纯债债券,1.0015,--,--,--,--,--,0.16%
005854,财通汇利纯债,1.0044,0.35%,1.12%,--,--,--,1.34%
005855,中科沃土沃瑞混合A,,,,,,,
005856,中科沃土沃瑞混合C,,,,,,,
005857,汇添富鑫成定开债A,1.0226,0.86%,1.40%,--,--,--,2.34%
005858,汇添富鑫成定开债C,--,--,--,--,--,--,0.00%
005859,南方固胜定期开放混合,,,,,,,
005860,中金新丰灵活配置A,--,0.29%,--,--,--,--,0.30%
005861,中金新丰灵活配置C,--,0.18%,--,--,--,--,0.19%
005862,华夏鼎禄三个月定开债券A,1.0000,--,--,--,--,--,0.02%
005863,华夏鼎禄三个月定开债券C,1.0000,--,--,--,--,--,0.00%
005864,国投瑞银顺达纯债债券,1.0207,0.81%,1.52%,--,--,--,2.08%
005865,浦银安盛量化多策略混合A,--,0.06%,--,--,--,--,0.06%
005866,浦银安盛量化多策略混合C,--,-0.02%,--,--,--,--,-0.02%
005867,国泰沪深300指数C,0.6982,-1.16%,-8.27%,--,--,--,-14.69%
005868,平安MSCI中国A股ETF联接A,--,-1.47%,-8.01%,--,--,--,-7.95%
005869,平安MSCI中国A股ETF联接C,--,-1.48%,-8.05%,--,--,--,-7.99%
005870,鹏华沪深300指数增强,0.8299,-3.42%,-10.69%,--,--,--,-17.45%
005871,天弘荣享定开债,1.0197,0.38%,1.75%,--,--,--,1.96%
005872,太平恒利纯债,1.0126,0.38%,0.98%,--,--,--,1.27%
005873,建信创业板ETF联接A,0.8182,-7.12%,-18.59%,--,--,--,-18.30%
005874,建信创业板ETF联接C,0.8171,-7.14%,-18.68%,--,--,--,-18.41%
005875,易方达中盘成长混合,0.9719,-1.05%,-2.88%,--,--,--,-2.86%
005876,易方达鑫转增利混合A,,,,,,,
005877,易方达鑫转增利混合C,,,,,,,
005878,博时产业新动力混合C,1.3093,-1.36%,-12.44%,--,--,--,-17.65%
005879,中加颐兴定开债券,1.0204,0.38%,1.91%,--,--,--,2.04%
005880,建信上证50ETF联接A,,,,,,,
005881,建信上证50ETF联接C,,,,,,,
005882,财通资管鑫达混合E,1.0064,0.33%,0.56%,--,--,--,0.56%
005883,华宝港股通香港精选混合,0.9846,-0.11%,-1.32%,--,--,--,-1.21%
005884,平安大华合悦定开债,1.0123,0.86%,1.23%,--,--,--,1.33%
005885,金鹰信息产业股票C,0.9330,-6.61%,-9.31%,--,--,--,-9.57%
005886,华夏鼎沛债券A,0.9909,-0.38%,-0.72%,--,--,--,-0.66%
005887,华夏鼎沛债券C,0.9897,-0.41%,-0.83%,--,--,--,-0.78%
005888,华夏新兴消费混合A,,,,,,,
005889,华夏新兴消费混合C,,,,,,,
005892,先锋汇盈纯债A,1.0053,0.53%,--,--,--,--,0.53%
005893,先锋汇盈纯债C,1.0049,0.49%,--,--,--,--,0.49%
005894,华夏优势精选股票,0.9654,-2.10%,--,--,--,--,-3.34%
005895,平安大华合丰定开债,1.0061,0.37%,--,--,--,--,0.61%
005896,平安大华合慧定开债,1.0062,0.13%,0.56%,--,--,--,0.63%
005897,平安大华合颖定开债,1.0006,--,--,--,--,--,0.17%
005898,浦银安盛盛泽定开债券,1.0002,--,--,--,--,--,0.16%
005899,国投瑞银品牌优势混合,,,,,,,
005900,国投瑞银行业先锋混合,0.9653,-1.90%,-3.12%,--,--,--,-3.25%
005901,诺安汇利灵活配置混合A,0.9983,-0.45%,0.03%,--,--,--,0.03%
005902,诺安汇利灵活配置混合C,1.0151,-0.27%,1.75%,--,--,--,1.75%
005903,泰达宏利绩优混合,0.9083,-2.65%,-8.43%,--,--,--,-8.96%
005904,华泰保兴成长优选A,0.8964,-6.56%,-8.84%,--,--,--,-9.78%
005905,华泰保兴成长优选C,0.8938,-6.59%,-9.06%,--,--,--,-10.04%
005906,招商丰茂灵活混合发起式A,1.0017,-0.06%,0.02%,--,--,--,0.05%
005907,招商丰茂灵活混合发起式C,0.9992,-0.12%,-0.20%,--,--,--,-0.21%
005908,华泰保兴尊利债券A,1.0051,0.39%,0.49%,--,--,--,0.56%
005909,华泰保兴尊利债券C,1.0039,0.36%,0.38%,--,--,--,0.44%
005910,广发龙头优选混合,0.9923,-0.52%,--,--,--,--,-0.81%
005911,广发双擎升级混合,,,,,,,
005912,广发全球收益债券(QDII)A,--,-0.15%,--,--,--,--,-0.18%
005913,广发全球收益债券(QDII)C,--,-0.19%,--,--,--,--,-0.22%
005915,先锋安盈纯债A,,,,,,,
005916,先锋安盈纯债C,,,,,,,
005917,广发汇誉3个月定开债,1.0160,0.46%,1.48%,--,--,--,1.80%
005918,天弘沪深300指数C,0.8495,-0.95%,-7.95%,--,--,--,-15.10%
005919,天弘中证500指数C,0.7428,-7.96%,-15.80%,--,--,--,-25.66%
005920,富国颐利纯债债券,1.0096,0.85%,--,--,--,--,0.97%
005921,农银汇理金鑫3个月定开债,1.0034,0.37%,0.45%,--,--,--,0.49%
005922,圆信永丰中高等级债,1.0094,0.78%,--,--,--,--,0.93%
005923,华富恒悦定期开放债券A,1.0110,0.56%,1.67%,--,--,--,1.32%
005924,华富恒悦定期开放债券C,1.0100,0.51%,1.56%,--,--,--,1.19%
005927,创金合信新能源汽车股票A,0.9134,-7.52%,-7.98%,--,--,--,-9.35%
005928,创金合信新能源汽车股票C,0.9088,-7.58%,-8.15%,--,--,--,-9.63%
005931,中融恒裕纯债A,,,,,,,
005932,中融恒裕纯债C,,,,,,,
005935,前海联合润丰混合C,--,--,--,--,--,--,0.00%
005936,申万菱信安泰惠利纯债A,1.0066,0.69%,--,--,--,--,0.82%
005937,工银精选金融地产混合A,,,,,,,
005938,工银精选金融地产混合C,,,,,,,
005939,工银新能源汽车混合A,,,,,,,
005940,工银新能源汽车混合C,,,,,,,
005941,工银优势品牌定开混合,,,,,,,
005943,工银聚福混合A,--,--,--,--,--,--,0.08%
005944,工银聚福混合C,--,--,--,--,--,--,0.06%
005945,工银可转债优选债券A,0.9966,-0.12%,-0.43%,--,--,--,-0.38%
005946,工银可转债优选债券C,0.9941,-0.15%,-0.62%,--,--,--,-0.63%
005947,德邦民裕进取量化混合A,0.8806,-3.40%,-11.37%,--,--,--,-11.31%
005948,德邦民裕进取量化混合C,0.8786,-3.45%,-11.56%,--,--,--,-11.52%
005949,鑫元行业轮动混合A,0.9460,-1.48%,-2.16%,--,--,--,-5.20%
005950,鑫元行业轮动混合C,--,--,--,--,--,--,0.00%
005951,民生加银恒益纯债A,1.0165,0.61%,1.22%,--,--,--,1.65%
005952,民生加银恒益纯债C,1.0766,0.60%,7.26%,--,--,--,7.67%
005953,人保转型新动力混合A,0.9355,-4.41%,-5.69%,--,--,--,-5.59%
005954,人保转型新动力混合C,0.9336,-4.45%,-5.86%,--,--,--,-5.78%
005955,易方达鑫转添利混合A,1.0066,0.49%,--,--,--,--,0.57%
005956,易方达鑫转添利混合C,1.0051,0.39%,--,--,--,--,0.42%
005957,华夏聚丰混合(FOF)A,,,,,,,
005958,华夏聚丰混合(FOF)C,,,,,,,
005959,财通新视野灵活配置混合C,0.9470,-2.87%,-4.62%,--,--,--,-4.72%
005960,博时量化价值股票A,0.9053,-3.17%,-8.47%,--,--,--,-8.26%
005961,博时量化价值股票C,0.9031,-3.23%,-8.66%,--,--,--,-8.49%
005962,宝盈人工智能股票A,0.9342,-5.36%,--,--,--,--,-5.37%
005963,宝盈人工智能股票C,0.9329,-5.44%,--,--,--,--,-5.50%
005964,中欧安财定开债发起式,1.0296,0.69%,2.34%,--,--,--,3.38%
005965,安信中证500指数增强A,,,,,,,
005966,安信中证500指数增强C,,,,,,,
005967,鹏华创新驱动混合,0.8012,-5.59%,-16.48%,--,--,--,-18.94%
005968,创金合信工业周期股票A,0.7900,-5.46%,-12.87%,--,--,--,-20.62%
005969,创金合信工业周期股票C,0.7878,-5.52%,-13.03%,--,--,--,-20.85%
005972,交银裕如纯债债券A,1.0230,0.79%,1.49%,--,--,--,2.30%
005973,交银裕如纯债债券C,1.0000,0.00%,0.00%,--,--,--,0.00%
005974,东方红配置精选混合A,0.9771,0.05%,0.07%,--,--,--,-2.02%
005975,东方红配置精选混合C,0.9751,0.01%,-0.06%,--,--,--,-2.22%
005976,长信稳进资产配置(FOF),--,1.95%,--,--,--,--,1.95%
005977,中信保诚至兴混合A,1.0056,0.22%,0.42%,--,--,--,0.47%
005978,中信保诚至兴混合C,1.0034,0.14%,0.22%,--,--,--,0.25%
005988,兴业纯债一年定开债A,1.0098,0.72%,1.26%,--,--,--,1.39%
005989,兴业纯债一年定开债C,1.0088,0.69%,1.17%,--,--,--,1.29%
005990,申万菱信安泰惠利纯债C,1.0064,0.66%,--,--,--,--,0.79%
005992,光大保德信超短债A,1.0154,0.30%,1.20%,--,--,--,1.56%
005993,光大保德信超短债C,1.0141,0.27%,1.09%,--,--,--,1.42%
005994,国投瑞银中证500量化增强,0.9792,-1.35%,--,--,--,--,-1.53%
005995,国投瑞银顺泓债券,1.0082,0.72%,1.48%,--,--,--,1.68%
005996,国投瑞银顺昌纯债债券,1.0033,0.32%,--,--,--,--,0.33%
005997,天弘裕利灵活配置混合C,1.0176,0.29%,0.76%,--,--,--,1.67%
005998,嘉实深证基本面120联接C,0.8606,-2.42%,-10.47%,--,--,--,-14.55%
005999,嘉实中证金融地产ETF联接C,0.9825,-0.49%,2.86%,--,--,--,-1.56%
006002,工银医药健康股票A,0.9829,-1.39%,--,--,--,--,-1.57%
